date,portfolio_return,spy_return
2016-07-25,0.0,0.0004613482088160481
2016-07-26,0.0,-0.0010614771685331092
2016-07-27,0.0,0.001153787384641447
2016-07-28,0.0,0.001613184649066568
2016-07-29,0.0,-0.000829180668320717
2016-08-01,0.0,-0.006427587430971826
2016-08-02,0.0,0.0029181279559713502
2016-08-03,0.0,0.0010635597570729516
2016-08-04,0.0,0.008145468129655775
2016-08-05,0.0,-0.0005962478938394966
2016-08-08,0.0,0.0005962478938394966
2016-08-09,0.0,-0.0024780727604634123
2016-08-10,0.0,0.0046299009770987
2016-08-11,0.0,-0.0008693758675946128
2016-08-12,0.0,0.0028798046790177168
2016-08-15,0.0,-0.005171158893410244
2016-08-16,0.0,0.001879064768242955
2016-08-17,0.0,0.00224171467722023
2016-08-18,0.0,-0.0014633707048625766
2016-08-19,0.0,-4.565727022587396e-05
2016-08-22,0.0,0.0020116134943481967
2016-08-23,0.0,-0.005128033405028987
2016-08-24,0.0,-0.0006889764456872172
2016-08-25,0.0,-0.001885017800841382
2016-08-26,0.0,0.004912362775755241
2016-08-29,0.0,-0.0016501951297245299
2016-08-30,0.0,-0.002847994341347082
2016-08-31,0.0,4.62284068198926e-05
2016-09-01,0.0,0.004497325743574088
2016-09-02,0.0,0.003018152885894132
2016-09-06,0.0,-9.135768942236666e-05
2016-09-07,0.0,-0.0022856752270214997
2016-09-08,0.0,-0.024225777490075373
2016-09-09,0.0,0.014245407315226721
2016-09-12,0.0,-0.014479849788203936
2016-09-13,0.0,-0.0003752559342418138
2016-09-14,0.0,0.009943193181666032
2016-09-15,0.0,-0.003872896558081429
2016-09-16,0.0,0.00018717819406077751
2016-09-19,0.0,4.6851709212702985e-05
2016-09-20,0.0,0.011182722639518694
2016-09-21,0.0,0.006281962855404721
2016-09-22,0.0,-0.005494504396401645
2016-09-23,0.0,-0.008135292458005594
2016-09-26,0.0,0.006189005079664689
2016-09-27,0.0,0.004950988172716997
2016-09-28,0.0,-0.009088147053788909
2016-09-29,0.0,0.007517752188054061
2016-09-30,0.0,-0.002407017413205814
2016-10-03,0.0,-0.005110734774848247
2016-10-04,0.0,0.004415172184761396
2016-10-05,0.0,0.0006955625900868512
2016-10-06,0.0,-0.003435416413943848
2016-10-07,0.0,0.00519521411674706
2016-10-10,0.0,-0.012710083767525582
2016-10-11,0.0,0.0013111458312780044
2016-10-12,0.0,-0.003280884359420533
2016-10-13,0.0,0.000516131591047575
2016-10-14,0.0,-0.0034779493789489635
2016-10-17,0.0,0.006242702147321921
2016-10-18,0.0,0.002663310169480404
2016-10-19,0.0,-0.0018680803723238881
2016-10-20,0.0,0.0004673057095372357
2016-10-21,0.0,0.0042436459377208635
2016-10-24,0.0,-0.003356457804481572
2016-10-25,0.0,-0.0020095392158774317
2016-10-26,0.0,-0.002670465564051483
2016-10-27,0.0,-0.002959759897123604
2016-10-28,0.0,4.7211187768958496e-05
2016-10-31,0.0,-0.0072720756398512165
2016-11-01,0.0,-0.006036590715103429
2016-11-02,0.0,-0.004587588310604573
2016-11-03,0.0,-0.001102119083264519
2016-11-04,0.0,0.021817441430327378
2016-11-07,0.0,0.004493660269934807
2016-11-08,0.0,0.010546087899074408
2016-11-09,0.0,0.002492544351579973
2016-11-10,0.0,-0.002307557919057679
2016-11-11,0.0,0.0007850290368303092
2016-11-14,0.0,0.007772652125839663
2016-11-15,0.0,-0.001880362783060363
2016-11-16,0.0,0.005127415453851647
2016-11-17,0.0,-0.0022397143103090045
2016-11-18,0.0,0.007522987334025899
2016-11-21,0.0,0.0019511663159628156
2016-11-22,0.0,0.0005438102181472004
2016-11-23,0.0,0.0037087058108200566
2016-11-25,0.0,-0.004706159740067939
2016-11-28,0.0,0.0019489755597268399
2016-11-29,0.0,-0.0024020972801448437
2016-11-30,0.0,-0.0036824671050981195
2016-12-01,0.0,0.0005007964277154997
2016-12-02,0.0,0.005990802054309796
2016-12-05,0.0,0.0031622949505578646
2016-12-06,0.0,0.01299611607113782
2016-12-07,0.0,0.0024458413630705778
2016-12-08,0.0,0.006022346418137481
2016-12-09,0.0,-0.0011486160614015972
2016-12-12,0.0,0.00665180529504017
2016-12-13,0.0,-0.008288709976617348
2016-12-14,0.0,0.00410909479951993
2016-12-15,0.0,-0.0019579093247372725
2016-12-16,0.0,0.0021753231174308496
2016-12-19,0.0,0.003849821442414303
2016-12-20,0.0,-0.0027866128097668863
2016-12-21,0.0,-0.0017287209205001375
2016-12-22,0.0,0.0014631032223944018
2016-12-23,0.0,0.00247792524994761
2016-12-27,0.0,-0.008298691225274268
2016-12-28,0.0,-0.0002228525770719969
2016-12-29,0.0,-0.0036618226467517445
2016-12-30,0.0,0.00762075136483098
2017-01-03,0.0,0.005931682417965156
2017-01-04,0.0,-0.0007947620757731144
2017-01-05,0.0,0.003571582616593183
2017-01-06,0.0,-0.003306304845736463
2017-01-09,0.0,0.0
2017-01-10,0.0,0.002821904515671214
2017-01-11,0.0,-0.002513128447329649
2017-01-12,0.0,0.0022928476035799505
2017-01-13,0.0,-0.003529699074205972
2017-01-17,0.0,0.0022076191823279245
2017-01-18,0.0,-0.00371146336693684
2017-01-19,0.0,0.0036672336769925096
2017-01-20,0.0,-0.002605498761829139
2017-01-23,0.0,0.006391376574173435
2017-01-24,0.0,0.008617972822519526
2017-01-25,0.0,-0.0010456006344634616
2017-01-26,0.0,-0.0015712275646171392
2017-01-27,0.0,-0.00622086361758889
2017-01-30,0.0,-8.791669178886963e-05
2017-01-31,0.0,0.0003956031806833238
2017-02-01,0.0,0.0006587317423125683
2017-02-02,0.0,0.006869171341931768
2017-02-03,0.0,-0.0017895538841798952
2017-02-06,0.0,4.4116171974195595e-05
2017-02-07,0.0,0.001309441109194509
2017-02-08,0.0,0.005915003450891021
2017-02-09,0.0,0.0039384781631373045
2017-02-10,0.0,0.0054275613435281755
2017-02-13,0.0,0.0039875886137767935
2017-02-14,0.0,0.005206918335681543
2017-02-15,0.0,-0.0008518351169533034
2017-02-16,0.0,0.001574899039331612
2017-02-17,0.0,0.005937582645499262
2017-02-21,0.0,-0.0008880967961530928
2017-02-22,0.0,0.0006767131372109603
2017-02-23,0.0,0.0012680064526344736
2017-02-24,0.0,0.001561695893109949
2017-02-27,0.0,-0.002702761885670313
2017-02-28,0.0,0.0139004219635126
2017-03-01,0.0,-0.006317125228654241
2017-03-02,0.0,0.0006290745645181062
2017-03-03,0.0,-0.002982280211830002
2017-03-06,0.0,-0.0029914251065150665
2017-03-07,0.0,-0.0018580161575245668
2017-03-08,0.0,0.0012672137813778406
2017-03-09,0.0,0.0034979195170183885
2017-03-10,0.0,0.0005048471092754525
2017-03-13,0.0,-0.0038339410122416595
2017-03-14,0.0,0.008616133054985653
2017-03-15,0.0,-0.0019688427538184783
2017-03-16,0.0,-0.0017576016313727294
2017-03-17,0.0,-0.0010975477264878464
2017-03-20,0.0,-0.012922358027561032
2017-03-21,0.0,0.0023500421531723603
2017-03-22,0.0,-0.0010677699595245116
2017-03-23,0.0,-0.0007264366266737099
2017-03-24,0.0,-0.0010268699264237569
2017-03-27,0.0,0.007250539273373491
2017-03-28,0.0,0.000934521624785134
2017-03-29,0.0,0.003179039921358928
2017-03-30,0.0,-0.0023305517504299544
2017-03-31,0.0,-0.0017405773330443353
2017-04-03,0.0,0.0006372449292166849
2017-04-04,0.0,-0.0029773151288416955
2017-04-05,0.0,0.0028074578179397847
2017-04-06,0.0,-0.0010203502643086892
2017-04-07,0.0,0.0005953183439793008
2017-04-10,0.0,-0.0011903908745134473
2017-04-11,0.0,-0.004391630006417735
2017-04-12,0.0,-0.00651595564995322
2017-04-13,0.0,0.008821023401225148
2017-04-17,0.0,-0.0029888070118158083
2017-04-18,0.0,-0.0018405823630489593
2017-04-19,0.0,0.008106342504524022
2017-04-20,0.0,-0.0031916682785810835
2017-04-21,0.0,0.010937781066879815
2017-04-24,0.0,0.0058016702576004775
2017-04-25,0.0,-0.0006291154130444454
2017-04-26,0.0,0.000838609395628076
2017-04-27,0.0,-0.0021816118161517295
2017-04-28,0.0,0.002516725711622314
2017-05-01,0.0,0.00037741386523482134
2017-05-02,0.0,-0.0012155942060374514
2017-05-03,0.0,0.0011734775344276471
2017-05-04,0.0,0.003929154119826528
2017-05-05,0.0,-0.00016686669976717639
2017-05-08,0.0,-0.0009183017418417094
2017-05-09,-0.0006254242465169634,0.0017939862781073401
2017-05-10,-0.0030864033476760895,-0.002044458032536056
2017-05-11,0.0039488652254526645,-0.0016725980315852595
2017-05-12,0.007678362398069382,0.005508417053468051
2017-05-15,0.0014437812794297743,-0.0009160017003795318
2017-05-16,-0.01988896353438821,-0.017903170030276527
2017-05-17,0.00921165791953469,0.004020215620387901
2017-05-18,0.011612242406498791,0.006483269098895406
2017-05-19,0.008328838028742389,0.005064499147545476
2017-05-22,0.005151462886472977,0.002210255233555003
2017-05-23,0.001710765583857527,0.002330109829862259
2017-05-24,0.005192142089003683,0.004768057142043425
2017-05-25,0.002038932248621319,-0.00020682843341468526
2017-05-26,0.004036195685310269,-0.0008688692610752113
2017-05-30,0.005701021253581224,-0.00024884638350286536
2017-05-31,0.003122927112651018,0.007920857848200846
2017-06-01,0.0030628127076928503,0.003323096771757683
2017-06-02,-0.0036856282063940995,-0.0007373997287682954
2017-06-05,-0.0009949642246744775,-0.0032020840961290986
2017-06-06,0.0018952806033091325,0.0018487465752405896
2017-06-07,-0.00333693642903853,0.0004920846710758653
2017-06-08,-0.006063648232112537,-0.001518872965755591
2017-06-09,-0.0029797800791138487,-0.00020557122742115297
2017-06-12,0.005154144510611828,0.004878150349436616
2017-06-13,0.0008929611455660972,-0.001268538136611319
2017-06-14,-0.0008240357077680333,-0.001926129642232155
2017-06-15,0.0022378500188533356,0.00021824965169159327
2017-06-16,0.00789319257108961,0.00829053565369442
2017-06-19,-0.0014099437605274271,-0.006766648961895605
2017-06-20,0.0018080459687295544,-0.000247039135355287
2017-06-21,0.0008727463555778855,-0.00045276241133862527
2017-06-22,-0.0005803877904879552,0.001193696807748168
2017-06-23,-0.002454026414593628,0.0006576185998721229
2017-06-26,-0.009756057335391411,-0.0080888734193314
2017-06-27,0.00682707511319907,0.008910829761265227
2017-06-28,-0.009098796164334483,-0.008827899560802877
2017-06-29,-6.802014371885031e-05,0.0018628066694752476
2017-06-30,-0.004246654569277241,0.0016939471100858583
2017-07-03,0.007458919077803267,0.0023096588768636295
2017-07-05,-0.009042229078474056,-0.009186442337653311
2017-07-06,0.009316971593915755,0.006464189037532542
2017-07-07,0.0009781279712540829,0.0010731449591734332
2017-07-10,0.0008701111235360803,-0.0007427513429654198
2017-07-11,0.010978816644477578,0.007486413175844753
2017-07-12,0.0013442270502319526,0.0016789772214078624
2017-07-13,0.008132209155243144,0.004653092560527483
2017-07-14,-0.00031635489754588573,-0.00012205051311919846
2017-07-17,0.002690757934849698,0.0005290638720500951
2017-07-18,0.007352830033353132,0.005399701226500575
2017-07-19,0.007589887225167406,0.0004451566265828433
2017-07-20,0.0016484171639661936,-0.0008907959593109638
2017-07-21,-0.0013716506517950059,-0.0002429528051948182
2017-07-24,-0.0018469303316824396,0.002428082248349561
2017-07-25,-0.0019994814436592703,4.044533005309603e-05
2017-07-26,-0.01965992882802718,-0.0009302305781151432
2017-07-27,0.010245417395491509,-0.0011736766094880835
2017-07-28,-0.006817668909597947,-0.000567221020976838
2017-07-31,0.009208905282762187,0.0022264945164245376
2017-08-01,-0.0066634438251968854,0.00048479357675024204
2017-08-02,-0.006971136576587912,-0.0019417234978069686
2017-08-03,0.017068380503442653,0.001820742278237475
2017-08-04,0.013696557749035384,0.001857452574909324
2017-08-07,-0.00929845129266667,-0.0024639983974905633
2017-08-08,-0.0047184465988841075,-4.040213401967918e-05
2017-08-09,-0.014405092347456705,-0.014216112864922081
2017-08-10,0.0064788390529708795,0.0014758262582983406
2017-08-11,0.012187364523462097,0.009864492709933614
2017-08-14,0.0001926090444835959,-0.0001217789730239005
2017-08-15,0.004401835954195206,0.0017427322776510934
2017-08-16,-0.01629213869105134,-0.01571347647527066
2017-08-17,0.0018247480460984818,-0.0015643256355009072
2017-08-18,0.0020164454695503573,0.0007825048463461215
2017-08-21,0.01883619767726797,0.010402679543951798
2017-08-22,-0.0036547491545720857,-0.0035918419534519685
2017-08-23,0.0028710388763682993,-0.002333460515054675
2017-08-24,-0.005867269799054748,0.002333460515054675
2017-08-25,0.0013405348295866715,4.0846522285420406e-05
2017-08-28,-0.009191289973561353,0.0011441013081983087
2017-08-29,0.013691417571303915,0.00472629957817805
2017-08-30,0.009738705582736587,0.0059980341544090265
2017-08-31,-0.0027311256790087807,0.0014134354119708092
2017-09-01,-0.009258827176577621,-0.007208171723600998
2017-09-05,-0.00589778267645019,0.0034080154963342935
2017-09-06,0.011464215860095741,-0.00012153029338790589
2017-09-07,-0.002249880968612245,-0.0011756023860529652
2017-09-08,0.009556230717052982,0.010609691044982661
2017-09-11,-0.002685128335746912,0.0033649403329389926
2017-09-12,0.0007750554080737816,0.000479852959127669
2017-09-13,-0.00046672430041077434,-0.0003199933880830841
2017-09-14,0.009694899716221901,0.0013454018833547465
2017-09-15,0.012191902932485711,0.0021246940821137983
2017-09-18,-0.0014323682676224657,0.0010006599764293966
2017-09-19,0.0021153846750028528,0.00035992554101493823
2017-09-20,-0.0027585393582511657,-0.00268309544614187
2017-09-21,0.003364809138894445,0.0002006031128081176
2017-09-22,-0.022186278544130668,-0.002046512426956859
2017-09-25,0.0053224389605032625,0.0006023090472204728
2017-09-26,0.013930030063000844,0.003886593941195393
2017-09-27,0.001090153632683587,0.0011994233481695815
2017-09-28,0.008249074471223361,0.003508724690713727
2017-09-29,0.0003153428435828812,0.004329026709116945
2017-10-02,0.003879770410373362,0.0021380230743348605
2017-10-03,0.004626067774212261,0.001185619025763529
2017-10-04,-6.92370892125746e-06,0.005907718364334791
2017-10-05,0.006701141635887802,-0.0011394150172501227
2017-10-06,0.0004857273191558541,-0.0016525350599163602
2017-10-09,0.001429042090002715,0.002634774279624885
2017-10-10,0.006878257205715078,0.001569825348388676
2017-10-11,0.002860404268172188,-0.0014912686644699136
2017-10-12,0.003883217091332669,0.001216805864069137
2017-10-13,0.002250246376407956,0.0013325563658659334
2017-10-16,-0.00594856790172285,0.0007047970371365508
2017-10-17,0.0008822110117146197,0.0009781487319102666
2017-10-18,0.00924519471855521,0.00027397800348616386
2017-10-19,0.011845876352955718,0.0051470023151161115
2017-10-20,-0.0043141868466225345,-0.003896987136334573
2017-10-23,0.006865403365659753,0.0017553944093249285
2017-10-24,-0.014408292732902946,-0.004962333360639448
2017-10-25,0.006775927603035284,0.0012918967616188937
2017-10-26,0.029167362116201585,0.008143074872666745
2017-10-27,0.003001208060675954,-0.0037324080279095284
2017-10-30,0.00663000054081612,0.0015569482695516612
2017-10-31,-0.0077036038998395204,0.001321434910298791
2017-11-01,-0.0072517111334032,0.00038793826563399136
2017-11-02,0.017962830913383944,0.0033332210917649263
2017-11-03,0.006998915771726184,0.00154630993084659
2017-11-06,0.005427804005947501,-0.0006953882538169864
2017-11-07,-0.0014628944592247482,0.001699337115639743
2017-11-08,-0.0028271390941807463,-0.003634113729315658
2017-11-09,0.013318650014991626,-0.00030976302293783675
2017-11-10,0.006450206349817259,0.0009294071127161629
2017-11-13,0.0004561259756978124,-0.002325580002964678
2017-11-14,-0.005496553095495779,-0.005017477068181009
2017-11-15,0.01197662253783088,0.008464947847970805
2017-11-16,0.0030248230167404942,-0.002943019652092538
2017-11-17,0.011384505660592632,0.0017047381337658152
2017-11-20,0.016403730616424472,0.006521500578128503
2017-11-21,-0.008326446389694297,-0.0008847316812188311
2017-11-22,0.0027418411174775096,0.002306956256039605
2017-11-24,-0.014972494168236412,-0.0004992704841937368
2017-11-27,0.007351534082862479,0.010093477990611
2017-11-28,-0.03310328791893892,-0.000608739670780345
2017-11-29,0.0078736204601348,0.008716733165494261
2017-11-30,-0.010279584503354762,-0.0020775530431595968
2017-12-01,-0.04401777566470798,-0.0012104574865796636
2017-12-04,-0.0004915920906124604,-0.003602817664470237
2017-12-05,0.004126617296784103,0.0001895547380819096
2017-12-06,0.011701305549925635,0.003147880922255375
2017-12-07,0.0005534880373928463,0.005438213314597817
2017-12-08,0.004233690337970493,0.003008776344323394
2017-12-11,-0.008102980266646763,0.0017630680317317626
2017-12-12,0.003291488157417028,-0.0001123110568208574
2017-12-13,-0.001204873743199325,-0.004094430609065114
2017-12-14,0.0073503807969624475,0.008292953973175976
2017-12-15,0.01128081168499783,0.006321202643024826
2017-12-18,-0.00264022840194129,-0.0038478521564586643
2017-12-19,-0.002636774244146982,-0.00052448629852897
2017-12-20,-0.003490235071588913,0.002057778525727194
2017-12-21,0.001810487429616556,-0.00026148211132248633
2017-12-22,0.001949288633325297,-0.0011971289841063992
2017-12-26,0.0020798542376507874,0.00048633176549461865
2017-12-27,0.002308334514923932,0.002055483427958471
2017-12-28,-0.008974855683553955,-0.003777568270035836
2017-12-29,0.006528907791939103,0.007131846891950566
2018-01-02,0.013057976219441825,0.006305039354687736
2018-01-03,0.0029049260518745476,0.00420601933919329
2018-01-04,0.013675277532694114,0.0066418529224083755
2018-01-05,0.02331474982520161,0.0018268813657771332
2018-01-08,-0.0029708553142359616,0.0022614293054754597
2018-01-09,-0.002943711818260754,-0.0015315468284198275
2018-01-10,0.01417017879109124,0.00726992533958537
2018-01-11,0.008152496847153787,0.006497636135669893
2018-01-12,-0.004879354293172762,-0.0034241298872652592
2018-01-16,0.01961267576541257,0.009486539607666877
2018-01-17,-0.0037034573971132193,-0.0016820697531390039
2018-01-18,0.01104688879742722,0.0045393940325491045
2018-01-19,0.003938869377215749,0.008097993529713854
2018-01-22,0.0040148258091562755,0.0021202415574750333
2018-01-23,-0.004668467015520196,-0.000388752043043894
2018-01-24,-0.0023227897901958693,0.0004237231124637475
2018-01-25,0.010040940906676898,0.01151092461008485
2018-01-26,-0.007565810868315003,-0.006651549783858179
2018-01-29,-0.006293300202060042,-0.010310022908161187
2018-01-30,-0.010949067627379471,0.0004968270333174374
2018-01-31,-0.0009259482761197888,-0.0011356765656289625
2018-02-01,-0.010730226511055358,-0.022010445302321102
2018-02-02,-0.034514241235546056,-0.04272223662363572
2018-02-05,0.012289727048124298,0.019510324482506114
2018-02-06,0.0020469965993124657,-0.00543951909956597
2018-02-07,-0.03832684241754605,-0.03823045628372945
2018-02-08,0.013904645939795575,0.014909780895743019
2018-02-09,0.015924596083790956,0.014577949023599324
2018-02-12,0.008587748986449827,0.002484177826572065
2018-02-13,0.01553215114268995,0.013405962482868183
2018-02-14,0.014659935462453255,0.012679387667267505
2018-02-15,-0.016919988227628746,0.0002927267729653238
2018-02-16,-0.009304230087474363,-0.0062806617539017395
2018-02-20,-0.0050293979699363965,-0.004986727220635423
2018-02-21,0.008424445610006277,0.0012952163682298234
2018-02-22,0.0021670228524651525,0.01581397321072142
2018-02-23,0.012291759516455652,0.011544869485773823
2018-02-26,-0.007158387841458067,-0.01256479702716451
2018-02-27,-0.0020512818506101247,-0.010181846421659202
2018-02-28,-0.013958840475564678,-0.0146474200079183
2018-03-01,0.011476139320155006,0.005141823023399716
2018-03-02,0.014478980265751108,0.011491633258440714
2018-03-05,0.007348238066417913,0.0025317423422874796
2018-03-06,0.005655794805427956,-0.0003665647389334836
2018-03-07,0.009603317285103411,0.004827373962432269
2018-03-08,0.012565733713251098,0.017252487049580267
2018-03-09,0.000636510685397831,-0.001255727922233163
2018-03-12,-0.007486397450323408,-0.00648397067856088
2018-03-13,-0.0018561934012884776,-0.005144581151080629
2018-03-14,-0.007070427617193897,-0.0010904854732265434
2018-03-15,0.0035668002267032753,0.001084235136836753
2018-03-16,-0.01140484636520699,-0.013622812790019978
2018-03-19,0.017445718167017378,0.0016991866385405174
2018-03-20,-0.0016060720777779018,-0.0019211022706100422
2018-03-21,-0.03765754712787285,-0.025314917461721542
2018-03-22,-0.015409429621345018,-0.021544828996084675
2018-03-23,0.025572173886447204,0.026991260846790155
2018-03-26,-0.034525949993663055,-0.017157903279588105
2018-03-27,-0.020002819708800235,-0.0029592358070855695
2018-03-28,0.025912190393392973,0.012696641915415086
2018-03-29,-0.02601510755543089,-0.021821016624078204
2018-04-02,0.017020745881258553,0.012735406019547924
2018-04-03,0.005296433182473079,0.010642408782362445
2018-04-04,0.01218211065608231,0.007861178737211816
2018-04-05,-0.021254575328126354,-0.022538120662427552
2018-04-06,0.005040401101834669,0.004916619238970021
2018-04-09,0.01868430950364685,0.01577485255238731
2018-04-10,0.0011619049466342522,-0.005256039524889289
2018-04-11,0.011283488538532605,0.008193745093594273
2018-04-12,-0.004398122582494796,-0.0029377055687049847
2018-04-13,0.0027178929017936367,0.008188525995230123
2018-04-16,0.023921829991438368,0.010641165637053085
2018-04-17,0.01589064223620266,0.0007401413779835053
2018-04-18,-0.004282893152133653,-0.005562978705778043
2018-04-19,-0.012560223927150284,-0.00851535102361023
2018-04-20,-0.010115733376203116,-0.00015019961869189302
2018-04-23,-0.023591866130221822,-0.013558530166597471
2018-04-24,-8.906507501037041e-05,0.0024682862369145298
2018-04-25,0.016613832711140638,0.010114598725142976
2018-04-26,-0.00647717392641471,0.0009381080107289108
2018-04-27,-0.009494681423435972,-0.007720318270679094
2018-04-30,-0.0033520311911124784,0.0017754614146880954
2018-05-01,0.008256645574546587,-0.006740331412703249
2018-05-02,0.001417301875987491,-0.002205778789254431
2018-05-03,0.008420241630301733,0.012863099758590124
2018-05-04,0.011556453427989414,0.0033776059433670014
2018-05-07,0.0029468794085423878,0.0
2018-05-08,0.02651625471824206,0.009619269110397788
2018-05-09,0.014364623624751677,0.009307000988287406
2018-05-10,0.004536820726003559,0.0030468713924225455
2018-05-11,-0.0049407729725781885,0.00047624887301100927
2018-05-14,-0.005673522614736337,-0.006910601794301918
2018-05-15,0.005978144097111857,0.004196157664829059
2018-05-16,0.00909427813777237,-0.000845270326722769
2018-05-17,0.0008803589899050594,-0.002502717254954767
2018-05-18,0.01135660125107782,0.007490325575557399
2018-05-21,-0.003511988960776914,-0.0027842901583001733
2018-05-22,0.0007417101043036278,0.002747560056843845
2018-05-23,0.006797552304506644,-0.0020504113805452917
2018-05-24,-0.008232940011503374,-0.0023858527874551783
2018-05-25,-0.00033052083192633907,-0.011567551082395156
2018-05-29,0.010262193859821628,0.01325625519355178
2018-05-30,-0.0030837298288174837,-0.006144480870045044
2018-05-31,0.03345947199281319,0.009769647921780589
2018-06-01,0.008207578340408597,0.004740197983420735
2018-06-04,0.0005595278466139254,0.000727464634753261
2018-06-05,0.004266475376870539,0.008325655180369651
2018-06-06,-0.006334770165027655,-0.00010846857486335182
2018-06-07,0.006105025576042734,0.002952284445145281
2018-06-08,0.00015055596533394876,0.001328958641667377
2018-06-11,0.006896885234432338,0.0012917554995892644
2018-06-12,-0.005063864461633034,-0.00319600362570327
2018-06-13,0.0029664729413274617,0.0025145293549702075
2018-06-14,-4.664885296747496e-05,-0.0012763432381506234
2018-06-15,0.015306110442114933,-0.002058991449692904
2018-06-18,-0.0006942892398825373,-0.0038400046586639647
2018-06-19,0.007209787216835439,0.001704138799826893
2018-06-20,-0.017425829529367422,-0.006288418759642589
2018-06-21,-0.004555762840984262,0.0018214933850195791
2018-06-22,-0.02733431352531758,-0.013706294446278022
2018-06-25,0.010788895678888459,0.0022115440844965306
2018-06-26,-0.010162394348647904,-0.008318598658795473
2018-06-27,0.007903711993993891,0.005700918950397593
2018-06-28,0.0009472096346960785,0.0014386372678121262
2018-06-29,0.009892634688338982,0.0021359839542247627
2018-07-02,-0.008230145949340613,-0.003537658284058054
2018-07-03,0.013953639546349888,0.008124810975845165
2018-07-05,0.017515800306395168,0.008422764915492209
2018-07-06,0.005293780999694157,0.008963891420036951
2018-07-09,0.001182089529804318,0.003592135393999385
2018-07-10,0.009263343733107249,-0.0073413786284959315
2018-07-11,0.01859244592138826,0.009025254224999557
2018-07-12,-0.002974796323879091,0.0007870953770332534
2018-07-13,0.00935139765434464,-0.0008946260168150033
2018-07-16,0.012959502314951871,0.0040371341616722844
2018-07-17,-0.0008053147415558585,0.002101387495774709
2018-07-18,0.0033747125692798466,-0.0037785920206490076
2018-07-19,0.006491271307112967,-0.0011435893659017538
2018-07-20,-0.0019231079368461261,0.001857630731449511
2018-07-23,-0.01580951563218267,0.005019743937209498
2018-07-24,0.014440477594841353,0.008486316157883422
2018-07-25,-0.00830025147695275,-0.0023619086811876855
2018-07-26,-0.0176710773947843,-0.0067995972896612855
2018-07-27,-0.02052343377321767,-0.005236800763717575
2018-07-30,-0.0018766090694229986,0.004916769685202382
2018-07-31,0.0012276096666857376,-0.0016719508364770874
2018-08-01,0.01907909549876863,0.005432835717003037
2018-08-02,-0.001646022804250847,0.004275809737787739
2018-08-03,0.012074966148762988,0.0036607256256999676
2018-08-06,4.70885075305402e-06,0.0032963902604148387
2018-08-07,-0.006106741418931326,-0.00042017140846883905
2018-08-08,0.008285508558889008,-0.0013665811347500778
2018-08-09,0.02722746354244858,-0.006722950407893613
2018-08-10,-0.0020008692997471465,-0.0037505767891952146
2018-08-13,0.014505728597461121,0.00636053940156156
2018-08-14,-0.013898527124979392,-0.0074956719326406684
2018-08-15,0.00743130261240724,0.008059100198471114
2018-08-16,0.009171870912235097,0.0035139502957530766
2018-08-17,0.014255846644768158,0.002137811902907849
2018-08-20,-0.0004556166226248071,0.002342426304011269
2018-08-21,0.003152359430284287,-0.0005936290414370049
2018-08-22,0.006798060677382404,-0.0013288744589861068
2018-08-23,0.009183176855826916,0.006000335631817677
2018-08-24,-0.001599192843760258,0.007864562827878174
2018-08-27,0.007043654598998983,0.00048292637429359075
2018-08-28,0.00459095878493778,0.005366626227718108
2018-08-29,-0.0021639955923733363,-0.004057085272117789
2018-08-30,0.01948380369199684,3.45509372570163e-05
2018-08-31,0.010369447635633001,-0.0017233020261286924
2018-09-04,-0.019874345052468087,-0.0026955927674823243
2018-09-05,0.0018059298548340572,-0.0030144883756983987
2018-09-06,0.005604347080046469,-0.0019448051842472225
2018-09-07,0.016060319270037274,0.0017365926557459943
2018-09-10,0.007221073133768709,0.003291807082590914
2018-09-11,-0.0014883190284545938,0.00024251952869036586
2018-09-12,0.00259328447584795,0.0058969415306382444
2018-09-13,0.0052036533137299655,0.00017230944591073438
2018-09-14,-0.02681323921949059,-0.005308867461380373
2018-09-17,0.007784764471561501,0.005411717546334849
2018-09-18,-0.013180405826336394,0.00106484806254592
2018-09-19,0.004117300274216033,0.008071240663189094
2018-09-20,-0.0047659859601669845,-0.0009134931385306189
2018-09-21,0.004788153032444374,-0.0033281379357443797
2018-09-24,0.01858662617444795,-0.000928235243152109
2018-09-25,-0.0015240374967927255,-0.002996657628062671
2018-09-26,0.007261416079662512,0.002790344760477126
2018-09-27,-0.0018031627245326987,0.00010304372645464355
2018-09-28,-0.013862089285424106,0.003468602838721857
2018-10-01,-0.019962850721896543,-0.0005832088380550715
2018-10-02,0.0009537037473660017,0.0005489810398220385
2018-10-03,-0.01604848374478646,-0.00784653760351084
2018-10-04,-0.0053690794180633085,-0.0056126390401463055
2018-10-05,-0.025080998621944947,0.0
2018-10-08,-0.0028231626598444145,-0.0014605221164192272
2018-10-09,-0.05392023607767748,-0.03217530727954099
2018-10-10,-0.02078067058714824,-0.022272914689731138
2018-10-11,0.03405374803812551,0.013792936143926404
2018-10-12,-0.005621846811729159,-0.005632696855045083
2018-10-15,0.03447785686630379,0.021630266087321992
2018-10-16,-0.008596816246303634,0.00017827994771035804
2018-10-17,-0.012891023686891233,-0.014546637367648607
2018-10-18,-0.027922209487933104,-0.0005425273113459639
2018-10-19,0.019111723891955087,-0.004499250583888781
2018-10-22,-0.007320659682159741,-0.005103317936723251
2018-10-23,0.0,-0.030767304642414395
2018-10-24,0.0,0.017781492299001833
2018-10-25,0.0,-0.017743600154910943
2018-10-26,0.0,-0.005555829930099954
2018-10-29,0.0,0.014709717864078264
2018-10-30,0.0,0.010624345333827279
2018-10-31,0.0,0.010585295081888546
2018-11-01,0.0,-0.005940383980155062
2018-11-02,0.0,0.005501572951465583
2018-11-05,0.0,0.006308071575065632
2018-11-06,0.02282487059641656,0.0211831801891611
2018-11-07,-0.011850276317720242,-0.0018166363818004072
2018-11-08,-0.011116710827061026,-0.009816425833971465
2018-11-09,-0.03491266616856502,-0.01886187520298943
2018-11-12,0.0015498190856214934,-0.0018728145162230092
2018-11-13,0.0,-0.006860048290146636
2018-11-14,0.0,0.010382261042539476
2018-11-15,0.0,0.002597378057785704
2018-11-16,0.0,-0.017058975086725603
2018-11-19,0.0,-0.018679813889785457
2018-11-20,0.0,0.0034018063937812926
2018-11-21,0.0,-0.006700971478722728
2018-11-23,0.0,0.016015032877771063
2018-11-26,0.0,0.0033590872071940225
2018-11-27,0.0,0.022764098208756245
2018-11-28,0.0,-0.002187291032334393
2018-11-29,0.0,0.006076959890147116
2018-11-30,0.0,0.013154165872069967
2018-12-03,0.0,-0.03293917309608485
2018-12-04,0.0,-0.0015179743193423079
2018-12-06,0.0,-0.023510380464220937
2018-12-07,0.0,0.001895336224045252
2018-12-10,0.0,0.0002271081964639876
2018-12-11,0.0,0.005022800101851743
2018-12-12,0.0,-0.00033903911598276437
2018-12-13,0.0,-0.018637233281668664
2018-12-14,0.0,-0.01981340329722414
2018-12-17,0.0,-0.00109727394290271
2018-12-18,0.0,-0.015088854201060542
2018-12-19,0.0,-0.016411967315659304
2018-12-20,0.0,-0.02070231597328487
2018-12-21,0.0,-0.026778448398756538
2018-12-24,0.0,0.04928994478924942
2018-12-26,0.0,0.007648033170947421
2018-12-27,0.0,-0.0012904679117156093
2018-12-28,0.0,0.008720419880951624
2018-12-31,0.0,0.0010398558181510253
2019-01-02,0.0,-0.024152199092410953
2019-01-03,0.0,0.03294718105368499
2019-01-04,0.0,0.00785362774705245
2019-01-07,0.0,0.00935153258824073
2019-01-08,0.0,0.004662449373276978
2019-01-09,0.0,0.0035212865761913292
2019-01-10,0.0,0.0003862892401853557
2019-01-11,0.0,-0.0061196134602203855
2019-01-14,0.0,0.011395573438562678
2019-01-15,0.0,0.002416953925015619
2019-01-16,0.0,0.007558165445861853
2019-01-17,0.0,0.013222393109121988
2019-01-18,0.0,-0.013602834606200709
2019-01-22,0.0,0.0020902508715394674
2019-01-23,0.0,0.0005311681048558725
2019-01-24,0.0,0.008426079034897782
2019-01-25,0.0,-0.007629629175458952
2019-01-28,0.0,-0.0013276179642947028
2019-01-29,0.0,0.015706812161426775
2019-01-30,0.0,0.008744213943249868
2019-01-31,0.0,0.00048126719881302904
2019-02-01,0.0,0.007010926281504126
2019-02-04,0.0,0.004183032974264478
2019-02-05,-0.002906358497741169,-0.0013191441183186825
2019-02-06,-0.0060812716776572325,-0.009578197520185405
2019-02-07,0.014485291377517296,0.001220718720995606
2019-02-08,0.006456677429678511,0.0005542423972872967
2019-02-11,0.007907035991205173,0.012777468801361103
2019-02-12,0.0004889352865340887,0.003241594013971394
2019-02-13,0.004548357773461246,-0.0022205041007898885
2019-02-14,0.007457337652926201,0.010838145499747043
2019-02-15,0.0027182908305348878,0.0017289192444458479
2019-02-19,-0.007901507454149451,0.0020134957334470016
2019-02-20,0.0013237865723374586,-0.0035621886577894557
2019-02-21,0.016945858311756504,0.0061807994240759
2019-02-22,-0.001643368814296792,0.0013603174115344174
2019-02-25,-0.0046807908010080435,-0.0007160472594343048
2019-02-26,-0.0046254079245399565,-0.000429324762553307
2019-02-27,0.0027337713364790446,-0.0018643151502848454
2019-02-28,0.0065745535925228905,0.006224475113697281
2019-03-01,-0.012707001720276424,-0.0036439274281381273
2019-03-04,-0.0006931729426019918,-0.0013609628317947653
2019-03-05,-0.011109571578992757,-0.006075396080352569
2019-03-06,-0.004959155454507716,-0.008400792593196371
2019-03-07,0.004381848074764336,-0.0020017467482720264
2019-03-08,0.009933626120634578,0.014396502276723844
2019-03-11,0.0056988851086733315,0.003764130540963251
2019-03-12,0.0030049774909786573,0.0065975550958610185
2019-03-13,0.004387038556427105,-0.0006398246213423775
2019-03-14,0.005170399836631389,0.00492825611244907
2019-03-15,-0.0011138816123261244,0.003619147811332546
2019-03-18,0.004109327299690807,0.0002480276730763009
2019-03-19,0.001431902637774087,-0.003014237011565335
2019-03-20,0.012058458061447477,0.011231094272685205
2019-03-21,-0.02672667910419225,-0.019433801312207066
2019-03-22,0.00011696610256904183,-0.0007522402009048079
2019-03-25,0.006249408781039446,0.007426564113190537
2019-03-26,-0.005783074754048042,-0.005243072115291625
2019-03-27,0.003302222481843995,0.0037831940573775924
2019-03-28,0.014501443424756991,0.006285814380852628
2019-03-29,0.008418486812410388,0.011789409855304633
2019-04-01,0.00034769204571844664,0.0004896842679809055
2019-04-02,0.006789234448740545,0.0015723291406191109
2019-04-03,-0.01049519568894669,0.00264987808666195
2019-04-04,0.004127194251286102,0.0048290406756343884
2019-04-05,0.0009294030190999424,0.0007615723206129132
2019-04-08,-0.005944279328819231,-0.005137866389862467
2019-04-09,0.015512665592807812,0.0034051631447908903
2019-04-10,0.0012466851877919168,-0.0002778413091544252
2019-04-11,0.0008218201809070728,0.006743434475541044
2019-04-12,-0.0004283937591646337,-0.0006550122191280039
2019-04-15,0.0004489237379529127,0.0006550122191280039
2019-04-16,-0.003837827410106156,-0.0024497692894493994
2019-04-17,0.0007679270603373829,0.001967275090713372
2019-04-18,0.009440459591305697,0.0008615589012155311
2019-04-22,0.018871508008440802,0.008951158145849902
2019-04-23,0.0026918628887366127,-0.0022217176053471732
2019-04-24,-0.009248717711631419,-0.0006160631297378316
2019-04-25,0.003631843354481993,0.0046461501944863315
2019-04-26,0.0016546350213333689,0.001566469573459628
2019-04-29,0.0017878762585975699,0.0005103681272249361
2019-04-30,-0.01743595690877639,-0.007544841043332973
2019-05-01,0.009100363952494493,-0.002161516804036978
2019-05-02,0.013970598667620009,0.009740203710655315
2019-05-03,-0.0020617510984202807,-0.004123754892631837
2019-05-06,-0.02079648341799814,-0.01684071084163019
2019-05-07,0.003411864906753545,-0.0013903008643607606
2019-05-08,-0.00779524006485027,-0.003029984854216572
2019-05-09,-0.0028204512550964243,0.005010502141121087
2019-05-10,-0.03813366154932921,-0.0254513566836021
2019-05-13,0.02409954154411761,0.009003246598218162
2019-05-14,0.013018274394090376,0.005840130966083379
2019-05-15,0.014070409198527978,0.009218853324808762
2019-05-16,-0.012912405553033534,-0.006486241878580934
2019-05-17,-0.017564584825004614,-0.006634141432980911
2019-05-20,0.007570034225977851,0.008975531719774388
2019-05-21,-0.010798800950367253,-0.0030763408176959217
2019-05-22,-0.0219119036276507,-0.01229355924641684
2019-05-23,-0.005914111137986515,0.0022654677276188195
2019-05-24,0.00899581692094908,-0.009343937583293993
2019-05-28,-0.013654638826997419,-0.006733822475838203
2019-05-29,0.020873634222075693,0.002728113567279422
2019-05-30,-0.008993868107025816,-0.013566980026964437
2019-05-31,-0.008845209930567246,-0.002546271312030335
2019-06-03,0.03739261714380002,0.02147467178899909
2019-06-04,0.013345908867215919,0.008624778414640488
2019-06-05,0.012220516287649403,0.006481445236100392
2019-06-06,0.016343684183748618,0.009957613152136169
2019-06-07,0.005901917436898586,0.004578250524440719
2019-06-10,-0.0018680180983024403,-0.0002425053601395888
2019-06-11,0.005591474436227699,-0.0017666672438325648
2019-06-12,-0.008510385003927794,0.00411776992280366
2019-06-13,0.0025438211149304037,-0.0011056989091260405
2019-06-14,0.0023804419461521875,0.0003802439206648245
2019-06-17,0.01080562408166532,0.01041653523419317
2019-06-18,0.00811192630245736,0.0022549645294702714
2019-06-19,0.006816333423850932,0.009508704612194663
2019-06-20,-0.012331397712172901,-0.001454635444284591
2019-06-21,-0.004182948871947815,-0.0012251333994210967
2019-06-24,-0.006172012140057667,-0.009856177021023704
2019-06-25,-0.010322601154480545,-0.0009981264152800762
2019-06-26,0.005714551467145676,0.00353953271450802
2019-06-27,0.008540205371627519,0.0051323891316368275
2019-06-28,0.009239880157850135,0.0090380523087088
2019-07-01,0.006090351094601745,0.002600483873980153
2019-07-02,0.01283812016049948,0.007963737215194833
2019-07-03,0.0020953968741400744,-0.0011385090294417921
2019-07-05,-0.006322926303631877,-0.005510151973129318
2019-07-08,0.0024166717744424924,0.0012455673444762283
2019-07-09,-0.0001095551854924504,0.0047668247364702765
2019-07-10,0.00010940671424278822,0.002341210527712967
2019-07-11,0.0041299097323200164,0.004467297610231569
2019-07-12,-0.0015263991853069346,0.0003329405220489079
2019-07-15,0.0018493089701513766,-0.00323100785172592
2019-07-16,-0.0011520442670905052,-0.006828222368756798
2019-07-17,0.0070696426952271425,0.0036544948580710113
2019-07-18,-0.010189212982419668,-0.00557041442875672
2019-07-19,0.005118846518298,0.002453185817754111
2019-07-22,0.004532068615823906,0.007124499880279522
2019-07-23,0.004655207227530864,0.004688732421425534
2019-07-24,0.004640476433442594,-0.0047885497422921475
2019-07-25,-0.0016062447456680938,0.006677579500639297
2019-07-26,-0.009403982982531714,-0.0018227642836947666
2019-07-29,-0.00027968368080756156,-0.0024575616759614505
2019-07-30,-0.0071578120523696324,-0.011000963640527495
2019-07-31,0.003915764373149404,-0.00874612559642074
2019-08-01,-0.005757123581341613,-0.007557801026687905
2019-08-02,-0.027402049702047307,-0.030534488026586537
2019-08-05,0.018261661471661694,0.013925451749429385
2019-08-06,0.0006908011600884834,0.0005904426771463633
2019-08-07,0.018180753623513502,0.019430294823123972
2019-08-08,0.005560429810179115,-0.006835082010011817
2019-08-09,-0.011302774148060944,-0.012247731983991095
2019-08-12,0.013067787325964883,0.01543186761075166
2019-08-13,-0.02859940144754452,-0.03001363676198654
2019-08-14,0.011222447924148565,0.0026385973679463604
2019-08-15,0.011353963722073998,0.014646601341704368
2019-08-16,0.0065210710746772624,0.011976135325109993
2019-08-19,-0.006887925346056953,-0.007692147859875931
2019-08-20,0.010552795578255555,0.008102638508308502
2019-08-21,0.0002885520820091698,-0.00030782328551026694
2019-08-22,-0.02056177362812938,-0.0260231738146679
2019-08-23,0.010759560723234404,0.010997682458224745
2019-08-26,-0.003629458167525736,-0.003931437763644574
2019-08-27,0.004327512128292258,0.007017482025574395
2019-08-28,0.006696589580950939,0.012691557094267836
2019-08-29,-0.009013987385481639,-0.00044428671424423527
2019-08-30,0.005072076669935491,-0.005864093555876693
2019-09-03,0.004081533998586928,0.011286125796292623
2019-09-04,-0.002460555963423806,0.012773722592939407
2019-09-05,-0.005690911967503886,0.0007714406707393096
2019-09-06,-0.02890326283468951,0.0005034977668065821
2019-09-09,-0.019098032528265505,-0.00023465442369463574
2019-09-10,-0.00023105544815581755,0.007085700331180611
2019-09-11,0.00805198985578093,0.00345775643832269
2019-09-12,-0.0068930320032072915,-0.0006640123251777652
2019-09-13,-0.004146978885781877,-0.003093682067418335
2019-09-16,0.01547728042473983,0.002528975261169464
2019-09-17,0.0008038604443717964,0.000597822479804222
2019-09-18,0.0030746418719926646,-6.623244379611037e-05
2019-09-19,-0.0008012941320922428,-0.004736310292046575
2019-09-20,0.0051561434649500006,-0.00023430279936587084
2019-09-23,0.0007314626208476068,-0.007878023920451227
2019-09-24,-0.006856524380472153,0.005897513401055932
2019-09-25,0.002599852372681378,-0.0020853691376174766
2019-09-26,-0.0135648721283317,-0.005401533859895835
2019-09-27,0.005976372235266263,0.004626277078891405
2019-09-30,-0.010407441823966194,-0.01196552485579172
2019-10-01,-0.0162931055002868,-0.01782274103860626
2019-10-02,0.008405544473933874,0.008159686131233634
2019-10-03,0.015434645998344609,0.013440973479173834
2019-10-04,-0.0034519656613366694,-0.004323855655010256
2019-10-07,-0.011930498619337877,-0.015646364720701023
2019-10-08,0.010522676840036885,0.009451633652922453
2019-10-09,-0.00012060143530989698,0.0067406681509876165
2019-10-10,0.007446117095659068,0.01031328118692354
2019-10-11,-0.00550137952828501,-0.001114155225278246
2019-10-14,0.00455694582136707,0.009851517379356522
2019-10-15,0.0021043319036504653,-0.0016073074138391874
2019-10-16,0.0012263062885088916,0.002944740878636054
2019-10-17,-0.006098127072196362,-0.00438672106850202
2019-10-18,0.005434865616200603,0.006756271885848264
2019-10-21,-0.010085813909060706,-0.003272226255047528
2019-10-22,-0.008694436780029187,0.002905758221467991
2019-10-23,0.011149986936754291,0.0016322002584185924
2019-10-24,0.00046795129163094626,0.004086731920541986
2019-10-25,0.00691898766401045,0.005620744576114944
2019-10-28,-0.0044830095038458,-0.0002967768447978969
2019-10-29,0.004271363034155925,0.0030626025594129302
2019-10-30,-0.016691177267450796,-0.0026671045309987207
2019-10-31,0.006908748440266209,0.009221598540164244
2019-11-01,-0.0041137650706625445,0.004009750328227923
2019-11-04,-0.005197044194275196,-0.0011069174042219743
2019-11-05,0.00875086169615972,0.0002279014993300521
2019-11-06,0.0009218462177123766,0.0035106728917595476
2019-11-07,0.005315581128605697,0.0024629326982612554
2019-11-08,0.00211926426425858,-0.0019117680133309278
2019-11-11,0.0017232905564834211,0.0021057055441664474
2019-11-12,0.00472525505101888,0.0003240889978703976
2019-11-13,0.007048428194242405,0.001454547925897387
2019-11-14,0.00887206482967031,0.007210419049198613
2019-11-15,-0.0002561367976638461,0.0007370607639680671
2019-11-18,-0.0016846643919934462,-0.0002881581162492708
2019-11-19,0.013067601461025714,-0.0037256994384708975
2019-11-20,-0.021020695497897972,-0.0016103903158262156
2019-11-21,-0.007476095535231393,0.002221557595593282
2019-11-22,0.014723516298070066,0.007720280839518701
2019-11-25,0.004497483219312695,0.0022629152262378938
2019-11-26,0.007096957811624809,0.004447820241886724
2019-11-27,-0.010292721981585574,-0.003715489063340627
2019-11-29,-0.013690892881567645,-0.008531281364345666
2019-12-02,-0.007324578725808514,-0.006729035418170604
2019-12-03,0.006371374637737841,0.006151177032034383
2019-12-04,0.0020668209758668127,0.0017963027811322974
2019-12-05,0.002547950391036346,0.009092865765373048
2019-12-06,-0.00028876992456640035,-0.0031489674537414913
2019-12-09,0.0015361764284445361,-0.0011159244961351789
2019-12-10,0.008249394077147925,0.0028341885815432732
2019-12-11,0.0003816044758449986,0.008582639801276493
2019-12-12,0.002701898953056589,0.000599126146486384
2019-12-13,0.0028491804281334347,0.006846109282395041
2019-12-16,0.009682264732659868,0.00021911286542852793
2019-12-17,-0.006244508225551563,6.242942805290141e-05
2019-12-18,0.0005066197234133577,0.004090989865720651
2019-12-19,0.013724575461302898,0.004374478245694036
2019-12-20,-0.002739355776152552,0.0015267400687886123
2019-12-23,0.0033604607563266766,3.1163481280849226e-05
2019-12-24,-0.0010628999315461089,0.005308918438759136
2019-12-26,0.001624180583663212,-0.0002477035976298225
2019-12-27,-0.009577394902418795,-0.005528351971987533
2019-12-30,0.0005825930524151802,0.0024261927276203465
2019-12-31,0.009909630387551964,0.009308364167884164
2020-01-02,-0.009549107374420465,-0.007600980620201092
2020-01-03,-0.0004659059171364875,0.003808022499915964
2020-01-06,0.005053019546708589,-0.0028156756116954895
2020-01-07,-0.0013533649922148235,0.005315162127712547
2020-01-08,0.003190599384737542,0.006757710822375529
2020-01-09,-0.0025997538506424356,-0.002881584887641786
2020-01-10,0.012794618096604288,0.006853454509790247
2020-01-13,-0.0022756595865375522,-0.0015257521864970869
2020-01-14,-0.0009665287189184321,0.0022574585654862034
2020-01-15,0.013492723143510715,0.008284100920169735
2020-01-16,-0.0051364782576630245,0.003107626979422129
2020-01-17,0.0039076546068353615,-0.0019602848078612567
2020-01-21,0.003662004734054335,0.00012055272986444265
2020-01-22,0.0017699063918555208,0.0011464947860728714
2020-01-23,-0.009426037102319366,-0.008932967497994326
2020-01-24,-0.00890042470883291,-0.01615911288080074
2020-01-27,0.017089273302896307,0.010424733520684626
2020-01-28,-0.005083910168085197,-0.0008266617518595254
2020-01-29,0.00474718456432667,0.003240231364093127
2020-01-30,-0.030427832489020826,-0.018324988394826214
2020-01-31,0.011105519263294493,0.007401226330375543
2020-02-03,0.025968377437590888,0.015126165839373762
2020-02-04,-0.012700732265994044,0.011481986337754435
2020-02-05,0.01013821544676119,0.003359440345329645
2020-02-06,0.0016821839329741574,-0.0053440915690892155
2020-02-07,0.024144188860486436,0.007437624954225619
2020-02-10,0.006526143290157673,0.001731616010030912
2020-02-11,-0.00470215083473822,0.006421963480099713
2020-02-12,0.013591530950328083,-0.0010676163250424864
2020-02-13,0.014980681184140438,0.0016008981945017098
2020-02-14,0.028810179417241594,-0.0025804659343773295
2020-02-18,0.014392701337953808,0.0047701278724323615
2020-02-19,-0.006948232925755337,-0.004116909866031193
2020-02-20,-0.024099481336032152,-0.010351330496939148
2020-02-21,-0.03581032105096263,-0.03372800367397932
2020-02-24,-0.03686566020734225,-0.030770808482031953
2020-02-25,-0.010209751443630887,-0.0036850196188318307
2020-02-26,-0.04001167824220413,-0.045951318425264454
2020-02-27,-0.0016617299574161995,-0.004210296073180686
2020-02-28,0.038407933432988,0.04239482505192793
2020-03-02,-0.021971225467780225,-0.02905037582616732
2020-03-03,0.0,0.04117369912455349
2020-03-04,0.0,-0.03380675424834223
2020-03-05,0.0,-0.016669575149641958
2020-03-06,0.0,-0.08131223476753036
2020-03-09,0.0,0.0504505334460017
2020-03-10,0.0,-0.04997682628934719
2020-03-11,0.0,-0.10056866444082324
2020-03-12,0.0,0.08202825735965558
2020-03-13,0.0,-0.11588662692533447
2020-03-16,0.0,0.05258449681818966
2020-03-17,0.0,-0.05195948288713215
2020-03-18,0.0,0.002122672995010788
2020-03-19,0.0,-0.04405042051987973
2020-03-20,0.0,-0.025900557300130522
2020-03-23,0.0,0.08673080950138257
2020-03-24,0.0,0.01485933770391945
2020-03-25,0.0,0.056748704491707436
2020-03-26,0.0,-0.030238313859036303
2020-03-27,0.0,0.031959720963849136
2020-03-30,0.0,-0.015017572350756403
2020-03-31,0.0,-0.04604936077367139
2020-04-01,0.0,0.022813401317137938
2020-04-02,0.0,-0.014559706273542972
2020-04-03,0.0,0.06500679925136854
2020-04-06,0.0,0.0010189548126913195
2020-04-07,0.0,0.033017036931653365
2020-04-08,0.0,0.015102903562380199
2020-04-09,0.0,-0.009171933007319666
2020-04-13,0.0,0.02906622237173284
2020-04-14,0.0,-0.021477258030895285
2020-04-15,0.0,0.004812904564818865
2020-04-16,0.0,0.02665686754294505
2020-04-17,0.0,-0.01777475622661573
2020-04-20,0.0,-0.03083425350946456
2020-04-21,0.0,0.021952142193135238
2020-04-22,0.0,-7.179431956139126e-05
2020-04-23,0.0,0.013842543439636756
2020-04-24,0.0,0.014314863235960651
2020-04-27,0.0,-0.0046084720610473084
2020-04-28,0.0,0.02584172209841018
2020-04-29,0.0,-0.00935424029273868
2020-04-30,0.0,-0.02683007047317343
2020-05-01,0.0,0.0027544851231331435
2020-05-04,0.0,0.009196443699817536
2020-05-05,0.0,-0.0068019181325604805
2020-05-06,0.0,0.011994743428068944
2020-05-07,0.0,0.016410897285981108
2020-05-08,0.0,0.00020518816583603439
2020-05-11,0.0,-0.02013267422946985
2020-05-12,0.0,-0.01784461881634769
2020-05-13,0.0,0.011896723121259889
2020-05-14,0.0,0.0045863202215121746
2020-05-15,0.0,0.0300047416813074
2020-05-18,0.0,-0.010323932730392116
2020-05-19,0.0,0.016845166531994415
2020-05-20,0.0,-0.006927721999744563
2020-05-21,0.0,0.0018971852052347415
2020-05-22,0.0,0.012245296160579677
2020-05-26,-0.006420373143454512,0.01476955954705339
2020-05-27,0.00700828675651829,-0.0018469019765472439
2020-05-28,0.030587534396513745,0.004445900396661706
2020-05-29,-0.0002469703919188611,0.004033816745744545
2020-06-01,-0.00018890568835142497,0.008245832540499265
2020-06-02,-0.0038420441786314,0.01322049581193152
2020-06-03,-0.007734143130423718,-0.002630217743974761
2020-06-04,0.008712748817332654,0.025306620902548538
2020-06-05,0.020756965985725545,0.01201516785636958
2020-06-08,-0.004641966856680845,-0.007484750598206524
2020-06-09,0.01643171487934379,-0.005595360983122077
2020-06-10,-0.0384280396112651,-0.05937726957977496
2020-06-11,-0.0009384209621451094,0.011904342999181416
2020-06-12,0.029905974072261594,0.009292150445214808
2020-06-15,-0.002276088650788914,0.019064806603844353
2020-06-16,0.007785207922596002,-0.004162367079413087
2020-06-17,0.0031060281950873484,0.0003847135615844266
2020-06-18,0.012257197837850304,-0.0057313275121009255
2020-06-19,0.0042577135882504126,0.006394698762102635
2020-06-22,-0.0076265560733932945,0.0045933004257765475
2020-06-23,-0.018088501902700775,-0.025839498138997108
2020-06-24,0.003157819862883696,0.010663188373113641
2020-06-25,-0.01826373357325861,-0.02403786600416069
2020-06-26,0.013108550527478358,0.014590649032329317
2020-06-29,0.030144371233558537,0.012727955415773984
2020-06-30,-0.0022862215734170376,0.006980565185183529
2020-07-01,0.00997653463551855,0.005491694625350263
2020-07-02,0.015608669607130237,0.01531941554578431
2020-07-06,0.00673113663098492,-0.010367365279436491
2020-07-07,0.011271580245947146,0.00761950150617885
2020-07-08,0.0068424820899361,-0.005709044634984117
2020-07-09,-0.003932217084614572,0.010158523472972192
2020-07-10,-0.031222423094510742,-0.008696521665028989
2020-07-13,0.02761854959745992,0.012875695508478557
2020-07-14,0.0034518336889250256,0.009145394526686168
2020-07-15,-0.0016146104189092274,-0.0032990905066805354
2020-07-16,0.02078598711137534,0.00289508860650578
2020-07-17,0.006917983045690323,0.00804898423206346
2020-07-20,-0.0018369056044847927,0.0021253912855945245
2020-07-21,0.004039382445323898,0.005676038425516339
2020-07-22,-0.01569937513083891,-0.012003732429172409
2020-07-23,-0.014488097490779693,-0.006461240322241046
2020-07-24,0.024685486750167622,0.00726587815633728
2020-07-27,-0.008389259919906798,-0.006362644270093476
2020-07-28,0.013842415299509862,0.012224153731742682
2020-07-29,-0.006124191084303484,-0.003574522441452288
2020-07-30,0.005160339450768617,0.007871367163604148
2020-07-31,0.018801469106910954,0.006928076924880067
2020-08-03,0.006481189574426796,0.0038550885120693934
2020-08-04,0.004672988747068254,0.006191597772568613
2020-08-05,-0.0011851154342273906,0.006662304287701204
2020-08-06,-0.004918324360909243,0.0007177582550861317
2020-08-07,-0.01418426466442198,0.002984501009247076
2020-08-10,-0.02976655557678243,-0.008289172854126114
2020-08-11,0.030446437984306157,0.013846106083025944
2020-08-12,0.005171145481471977,-0.0018092002042306987
2020-08-13,0.0007567079749457292,2.9612849381521755e-05
2020-08-14,0.0203298339627876,0.003171658487044482
2020-08-17,0.0019762981685803307,0.0021580222994757037
2020-08-18,-0.0028248933544981424,-0.004172613398175429
2020-08-19,0.006738009344070271,0.003108927666335859
2020-08-20,0.0024919892490795313,0.0035410001632092403
2020-08-21,0.001602192413687713,0.010082128566653914
2020-08-24,0.002782103278529937,0.003493075047810379
2020-08-25,0.014009574657611367,0.009975749612692653
2020-08-26,-0.0067620397972503,0.0021843988800789305
2020-08-27,0.00818205422290693,0.006438698682360133
2020-08-28,0.018193035557352005,-0.003629223590439601
2020-08-31,0.011138489827108836,0.009374420375793058
2020-09-01,-0.001990234877036194,0.014360448213714072
2020-09-02,-0.0750503517490404,-0.03502053655413562
2020-09-03,-0.02191362897869581,-0.008198025936811959
2020-09-04,-0.0676372387016556,-0.027703272082953312
2020-09-08,0.03802569179342769,0.019554910781834245
2020-09-09,-0.0135784346000031,-0.017516138848352902
2020-09-10,-0.010114972245704667,0.0005089201789330033
2020-09-11,0.033932381332593985,0.013085332894731572
2020-09-14,0.026689972555978103,0.005039591326686299
2020-09-15,-0.0050000830954987086,-0.00397647090382236
2020-09-16,-0.014881596781752191,-0.008834135227088424
2020-09-17,0.003255545005963109,-0.011579560127057853
2020-09-18,0.013660916762000304,-0.011191980995612028
2020-09-21,0.016233141919624224,0.01013300498717662
2020-09-22,-0.03330516986740894,-0.023464242561512805
2020-09-23,0.004960090407956028,0.002661893349808153
2020-09-24,0.022185049545486803,0.01603773977588574
2020-09-25,0.020598729585359646,0.016472917032597678
2020-09-28,0.01014700024583758,-0.00546087697862685
2020-09-29,0.006359708039358853,0.007553291636667403
2020-09-30,0.017760422509270228,0.006399378936233546
2020-10-01,-0.018906637978276707,-0.009539447304704574
2020-10-02,0.024089058836974826,0.017577736065690353
2020-10-05,-0.010120932025448476,-0.014317926379714407
2020-10-06,0.02151955768715757,0.017256536098415154
2020-10-07,0.0034931940276153022,0.008823704933432985
2020-10-08,0.0035108779262138733,0.008890419848570197
2020-10-09,0.009409781302395654,0.015959610549476366
2020-10-12,0.011494269759532116,-0.0065474296016718725
2020-10-13,-0.006350950174701707,-0.006303384824127178
2020-10-14,0.0022905981040707425,-0.0012366600027711172
2020-10-15,-0.0043239682135051095,-0.0006045529202838296
2020-10-16,-0.014646475904899163,-0.015320017139893949
2020-10-19,-0.0014093469855934488,0.003997698610698208
2020-10-20,-0.013570538075518545,-0.0018946198268761094
2020-10-21,-0.002723406861507356,0.0054699989970448115
2020-10-22,0.001544096222646692,0.0033895020139533827
2020-10-23,-0.021759437324767778,-0.01865276873965538
2020-10-26,0.0034162209505029404,-0.0034534292614836204
2020-10-27,-0.04199384319203245,-0.03477650845729929
2020-10-28,0.008771635526604322,0.010112264314234842
2020-10-29,-0.03111937411170708,-0.010479617764174165
2020-10-30,0.017090025162626542,0.011145961815931749
2020-11-02,0.02430853710339731,0.017501976850542
2020-11-03,0.03268851332320277,0.022103128938065986
2020-11-04,0.024051316726949438,0.019314797953219554
2020-11-05,0.040417296601586335,-0.0002283669562466173
2020-11-06,-0.043505346820301556,0.012487470311198123
2020-11-09,-0.021818251138683666,-0.0014675337744138872
2020-11-10,0.038788358177758206,0.007400996870522647
2020-11-11,0.003983965426377701,-0.00974823196326735
2020-11-12,-0.004061907512786957,0.013749325795047618
2020-11-13,0.014586479977823953,0.012405468321143864
2020-11-16,0.0251088112393274,-0.0053929921209121545
2020-11-17,0.003709563887152865,-0.012107620510788841
2020-11-18,0.01754267996682059,0.004201244622665357
2020-11-19,0.00011104484723685622,-0.006871299538115494
2020-11-20,0.028899360972241935,0.0059766000786023454
2020-11-23,0.001320689399880891,0.01598528762400253
2020-11-24,0.006268829276809004,-0.0015430010037036368
2020-11-25,0.005191483240491566,0.0027809902069941828
2020-11-27,-3.1786567948416714e-05,-0.004436858374973873
2020-11-30,0.0035112601015604957,0.01087818183399758
2020-12-01,-0.016891656629771882,0.00210159658105713
2020-12-02,0.013153594515150184,-0.0002727868987406623
2020-12-03,0.016306392242839605,0.008580400190875359
2020-12-04,0.014090717721169797,-0.0020568267987881583
2020-12-07,0.009578679184872005,0.0029219235891639883
2020-12-08,-0.03748044953975718,-0.00900912763740358
2020-12-09,0.01899033470412726,-0.000327551659578873
2020-12-10,-0.004256028481417217,-0.001173136861437385
2020-12-11,-0.0016366690597920865,-0.004487566230304552
2020-12-14,0.0028065844617015897,0.013429345316914976
2020-12-15,0.004150363838218132,0.0015680370718094139
2020-12-16,0.016874182148782647,0.00557640930384018
2020-12-17,-0.003492138484932546,-0.004001123383506666
2020-12-18,-0.0066373871702437815,-0.003581638568594947
2020-12-21,0.007466000247532663,-0.0016868990455822797
2020-12-22,-0.01977312948146684,0.0008982155046224349
2020-12-23,-0.00047259456415976557,0.0038830602311206164
2020-12-24,-0.032572472199614705,0.008554016582891677
2020-12-28,-0.015730088970621604,-0.0019097481468017818
2020-12-29,0.010909784988769851,0.0014260486168833353
2020-12-30,-0.00807653463579299,0.0050678288799090865
2020-12-31,-0.0069869914039101325,-0.013707542196247147
2021-01-04,0.025270141875747693,0.006863671928033277
2021-01-05,0.0026979380049457187,0.005960556839355924
2021-01-06,0.03463026455788289,0.014748348270513745
2021-01-07,0.013579400891893533,0.005681435602903129
2021-01-08,-0.011443504302438127,-0.006763629713741004
2021-01-11,0.02159318053145256,0.00021156926416576738
2021-01-12,0.0001011468364640728,0.00268896205161262
2021-01-13,0.01062476078214817,-0.0035079785926992457
2021-01-14,-0.009226418106239993,-0.00731943247746436
2021-01-15,0.002005396734720012,0.007821338728945193
2021-01-19,0.011887088468938593,0.013743703252941053
2021-01-20,-0.005688030959818313,0.0009113674847505138
2021-01-21,0.0026311287699089638,-0.0035456488942493536
2021-01-22,0.004070795616310507,0.003936041912942834
2021-01-25,-0.016375831259681374,-0.0015623160773845512
2021-01-26,-0.03540326164942713,-0.024744149499720258
2021-01-27,0.028612979480810725,0.0085633242380041
2021-01-28,-0.012554971065358472,-0.020222529645518073
2021-01-29,0.016689219566234037,0.016508659826782512
2021-02-01,0.02623987013004893,0.01404126534039385
2021-02-02,-0.0005307870659886395,0.0007858768516948444
2021-02-03,0.02513704552707422,0.011301544551078457
2021-02-04,-5.833439030731007e-05,0.003928312631457764
2021-02-05,0.019514031931612504,0.007196016301461938
2021-02-08,0.00608148337111591,-0.0006661962651053344
2021-02-09,-0.007691428979754881,-0.00043558690927536503
2021-02-10,0.01611566850743451,0.0016136941177693487
2021-02-11,-0.008100736929005557,0.004927475399736814
2021-02-12,0.005775203872940686,-0.000866224921584724
2021-02-16,-0.011103565035821933,0.0002292742516676327
2021-02-17,-0.019250879174417826,-0.004264868766777674
2021-02-18,0.035453484616705964,-0.0017677627054650813
2021-02-19,-0.03172469264500055,-0.007721249163154198
2021-02-22,-0.02150828892937889,0.0012136023724069744
2021-02-23,0.01702828006559194,0.010959001772218535
2021-02-24,-0.04632376178838926,-0.024390758172185834
2021-02-25,0.015025391128932381,-0.005165926652666464
2021-02-26,0.026280081584620793,0.02395089829035335
2021-03-01,-0.019971755169094413,-0.007833674379831734
2021-03-02,-0.05465737717123237,-0.013334356596621078
2021-03-03,-0.050502811517942565,-0.012452288196054262
2021-03-04,0.004530517788338299,0.018229921300998875
2021-03-05,-0.03362988837094646,-0.004991316200956497
2021-03-08,0.0528925314178913,0.014176500318177965
2021-03-09,0.011236395344422787,0.006205213754286731
2021-03-10,0.046954668478322525,0.010088026843336095
2021-03-11,-0.0013389038139641632,0.001346126676147641
2021-03-12,0.01262046707371127,0.005945749211914375
2021-03-15,-0.005148932663186405,-0.0012621805106860506
2021-03-16,0.014700589898977,0.003404006319902564
2021-03-17,-0.048018115994384575,-0.014656221984239437
2021-03-18,0.0120502078496934,-0.0018522179174382813
2021-03-19,0.00365989806663136,0.007953193431982086
2021-03-22,-0.032938082585426645,-0.007901804049362582
2021-03-23,-0.05524625021660859,-0.00509668359985227
2021-03-24,0.0019458176009511557,0.005609843798779046
2021-03-25,-0.012549310122521324,0.015986744607618064
2021-03-26,-0.03010889113826743,-0.0005051851507538174
2021-03-29,0.01817953005165176,-0.0026564794829049276
2021-03-30,0.01797186749843942,0.00404514567234493
2021-03-31,0.02014642504497504,0.010741043140394702
2021-04-01,0.002240515677894369,0.014251069981138897
2021-04-05,0.004065776420142857,-0.0005907623045491306
2021-04-06,-0.010971277974140109,0.001156844062062845
2021-04-07,0.009904038089756768,0.00473521268218402
2021-04-08,-0.004041240814909851,0.007244041926714573
2021-04-09,-0.0015376686619924863,0.0003643895174780809
2021-04-12,0.0051207029284198735,0.0029592243322369427
2021-04-13,0.004730058601038978,-0.0034207431224846374
2021-04-14,0.010535013321568702,0.010685014103789747
2021-04-15,0.0026620347235306505,0.003336951398157595
2021-04-16,-0.013917923579157316,-0.004925149278351526
2021-04-19,-0.012736675199895993,-0.007348579953671219
2021-04-20,0.014492214118102377,0.009417485548188331
2021-04-21,-0.013549016622314291,-0.009174786273330682
2021-04-22,0.016008818985273402,0.010783994293698917
2021-04-23,0.015470375007086697,0.0020852433200317932
2021-04-26,-0.001732337140097703,-0.00021535096268809895
2021-04-27,-0.008317083647957989,-0.0002875207087287279
2021-04-28,-0.002965744595585633,0.006352528433604121
2021-04-29,-0.009239183351940603,-0.0065920875204446006
2021-04-30,0.013565942981703993,0.0021545952575454663
2021-05-03,-0.00238440084056176,-0.006188612154597983
2021-05-04,0.009439878298208167,0.0003128633269087189
2021-05-05,0.011873019447484067,0.007953719498561718
2021-05-06,0.013154352889214807,0.007251536425003202
2021-05-07,-0.01069750268244562,-0.009951507353664901
2021-05-10,-0.017697458337318592,-0.008964837055560615
2021-05-11,-0.03562688707907699,-0.021474288760689575
2021-05-12,0.012596615071965543,0.011941180078007818
2021-05-13,0.015803566889954164,0.015238388746509735
2021-05-14,-0.001874329895313726,-0.002547797756377257
2021-05-17,-0.018491961154328364,-0.008652764830782367
2021-05-18,-0.015183741954253096,-0.0026254066886419736
2021-05-19,0.0008169413621578927,0.01070051496642499
2021-05-20,0.004537379221036414,-0.0008190697305181516
2021-05-21,0.003335370618577848,0.010142755664315217
2021-05-24,-0.005601901968538967,-0.002221347734018053
2021-05-25,0.006899265526053935,0.0019826440299919312
2021-05-26,0.015128010869042537,0.0005249323235680947
2021-05-27,0.00038910292434713627,0.0017869386227076234
2021-05-28,0.0027085322180139602,-0.0008810490764634693
2021-06-01,-0.009960228824844585,0.0015714885292918979
2021-06-02,-0.0020248059544498887,-0.0037182159941124837
2021-06-03,0.005784953220305866,0.009104259821573812
2021-06-04,-0.004884201026176313,-0.0009709885386657291
2021-06-07,0.005602591159725281,0.00021343462830980542
2021-06-08,-0.013462623293668152,-0.0014930576228140424
2021-06-09,-0.0034937274820833284,0.004637543074645478
2021-06-10,0.003963711854245338,0.0016512324902802078
2021-06-11,-0.011719566038892884,0.0022362099895403276
2021-06-14,0.0003049041195660081,-0.0018358280350962985
2021-06-15,-0.0072382878035711935,-0.005599111361300757
2021-06-16,-0.022171321982164933,-0.000331360760549515
2021-06-17,-0.011109579055478741,-0.013582201819842155
2021-06-18,0.022131317919090426,0.014214323517134808
2021-06-21,0.00260217620264103,0.005331766231140733
2021-06-22,0.0015170299679683743,-0.0012057592034553366
2021-06-23,0.0046051182115372045,0.00589810275117042
2021-06-24,0.002727045765631922,0.0035457942704537615
2021-06-25,-0.009493731353452835,0.002013913954869828
2021-06-28,0.0054761861499723185,0.0005379066626458595
2021-06-29,0.0026644882644622915,0.0008414068488420412
2021-06-30,0.004916475492390351,0.005521368769933588
2021-07-01,0.002710881122942744,0.007614419637162584
2021-07-02,-0.007794617873207154,-0.001823299221495489
2021-07-06,0.009111817284470112,0.0035278480163283277
2021-07-07,-0.01133605093316024,-0.008181199020164343
2021-07-08,0.020823530035614254,0.01061799787467077
2021-07-09,0.005777413178054337,0.003575785306916046
2021-07-12,-0.00890823061340354,-0.0034146823820018213
2021-07-13,-0.004472747039600949,0.0014909751591751785
2021-07-14,-0.011746843501305324,-0.003421644340390273
2021-07-15,-0.01251836880745344,-0.007874392178309542
2021-07-16,-0.01659073244944912,-0.014877873887093607
2021-07-19,0.019078382717032532,0.014228619688774202
2021-07-20,0.010061079629546034,0.00806367093584992
2021-07-21,-0.004363635201971194,0.0020918077295331017
2021-07-22,0.005495898220861764,0.010235679973846779
2021-07-23,0.010082713731236285,0.002451793306597949
2021-07-26,-0.003330200309795471,-0.004568017583630457
2021-07-27,-0.003321379978246405,-0.00041019598703595506
2021-07-28,0.003741539609716441,0.004138794436713944
2021-07-29,-0.004665231176889778,-0.004868248901157557
2021-07-30,-0.00011237737600611718,-0.0021002996791192885
2021-08-02,0.02790444707613366,0.008102741565526372
2021-08-03,-0.0027208861098236762,-0.004931071367503925
2021-08-04,0.004951405045380381,0.0063127292095828125
2021-08-05,-0.0005061919169303047,0.0016511935982190806
2021-08-06,0.0036153605533566177,-0.0008138089288669548
2021-08-09,-0.002811649443114227,0.0012430359454187467
2021-08-10,-0.011640763060945147,0.00248188751931977
2021-08-11,0.00817982854261205,0.0029925311229153095
2021-08-12,0.00038187448830548614,0.00181804453281309
2021-08-13,-0.003966909424921062,0.0023518941525084713
2021-08-16,-0.004165372898375824,-0.0065767474771964984
2021-08-17,-0.020158786719952963,-0.011005499466906876
2021-08-18,-0.0029499710153593505,0.001547167627720114
2021-08-19,0.00907817759383043,0.007925740015686245
2021-08-20,0.008758662262397052,0.008758122059815854
2021-08-23,-0.007785093956560557,0.001586079252966499
2021-08-24,0.011763167785455777,0.002096198315890696
2021-08-25,-0.0004415898207454853,-0.005920837371376386
2021-08-26,0.00674371193765852,0.008901339952949172
2021-08-27,0.002153287357950354,0.0043878839554460924
2021-08-30,-0.000207512546255017,-0.001482616168465789
2021-08-31,0.0026195911569574064,0.0005314048952786976
2021-09-01,0.00436343687846644,0.0030717791559862206
2021-09-02,0.007237141686974542,-0.0002428355770804913
2021-09-03,-0.004670137358781693,-0.003581928904736742
2021-09-07,-0.0006548606326625972,-0.001218919048811884
2021-09-08,0.002130247697454641,-0.0042893366076084405
2021-09-09,-0.0029783380908381765,-0.00791593361101306
2021-09-10,-0.01781411936234426,0.002556172213392216
2021-09-13,0.004880942001302258,-0.005411211368677726
2021-09-14,0.005297232756189981,0.008317938340550945
2021-09-15,0.003916117178512317,-0.0015865442225848625
2021-09-16,-0.014881986471932483,-0.009788961123152973
2021-09-17,-0.015038696689590375,-0.016814624575756554
2021-09-20,-0.001104342403513131,-0.0009449187392176484
2021-09-21,0.011419925870671942,0.009707369516382514
2021-09-22,0.008614934346717455,0.012076770077049659
2021-09-23,-0.011179133569449873,0.001645861281573957
2021-09-24,-0.018375235084359877,-0.0028652170216343364
2021-09-27,-0.024187777342758152,-0.02035734290687774
2021-09-28,0.0032161609574893717,0.0016813546690750414
2021-09-29,-0.005655253380946589,-0.012297209265130782
2021-09-30,0.0037827619218100956,0.011813951868637318
2021-10-01,-0.019045215904662804,-0.012979748228414856
2021-10-04,0.015211292729843041,0.010350979842367103
2021-10-05,-0.004956711337239615,0.004147518626486324
2021-10-06,0.008209462236416368,0.00860853576248033
2021-10-07,-0.005793955706022677,-0.0018254547056120174
2021-10-08,-0.003786541281187425,-0.007266062809293317
2021-10-11,0.006382847882264767,-0.0024645751991432263
2021-10-12,0.004012359875285231,0.0035910453165222123
2021-10-13,0.013379004111678718,0.016680700288745243
2021-10-14,-0.002188536094272367,0.007587024783368257
2021-10-15,0.0037700322555914998,0.0029562177333923856
2021-10-18,0.007465052605549127,0.0076853696035188435
2021-10-19,0.0019438894839481696,0.003920006596906944
2021-10-20,0.009666511380756165,0.0026049702700010613
2021-10-21,-0.0017618026753811597,-0.0010369072164166937
2021-10-22,-0.0009134058973965017,0.005348592603984237
2021-10-25,-0.006227656265960713,0.0008994719859964917
2021-10-26,-0.01337437000438381,-0.0044400075888058055
2021-10-27,0.020578649228209525,0.009602774141320936
2021-10-28,0.013060721663213919,0.0020268520402613177
2021-10-29,0.0018949835002347627,0.00171885722551135
2021-11-01,0.009241469490773646,0.004034846817888571
2021-11-02,-0.008791053508592104,0.006086660102120334
2021-11-03,-8.1922842087097e-05,0.004701462235444431
2021-11-04,-0.0010928326829263563,0.003463611862287941
2021-11-05,0.014302103138863941,0.0008534643436366451
2021-11-08,-0.003490844638694853,-0.00331105676145782
2021-11-09,-0.031099080937645244,-0.008077128437183667
2021-11-10,0.00824833448555758,0.0003233049855451142
2021-11-11,0.007269850518778823,0.0075184168490265435
2021-11-12,-0.0005855350220717783,0.00034250522919876403
2021-11-15,0.003448133667403203,0.003949821610802928
2021-11-16,-0.004561125868202375,-0.0024318984745832495
2021-11-17,0.003801201038966085,0.0033904351335936056
2021-11-18,-0.013914806797067308,-0.0017897762717113963
2021-11-19,-0.013245673821005104,-0.0028190731360879795
2021-11-22,0.002130802653099039,0.0013251999773702394
2021-11-23,0.015249568665271824,0.00266615125701275
2021-11-24,-0.02519037495644573,-0.02255562727848126
2021-11-26,0.016817168323636986,0.012191995967263836
2021-11-29,-0.03060725468106747,-0.019649401232451957
2021-11-30,-0.03378108113115948,-0.01116935986089107
2021-12-01,0.020313888187905728,0.015200114980508772
2021-12-02,-0.03296276381183475,-0.00873922595206178
2021-12-03,-0.007637673442614484,0.011773711538969778
2021-12-06,0.05439837010095704,0.02047370100572543
2021-12-07,0.0015162773965783458,0.00264449714759607
2021-12-08,-0.019437522860782194,-0.006774514308082402
2021-12-09,0.01589597557862933,0.009369377030459702
2021-12-10,-0.02118529376893581,-0.008897621030572012
2021-12-13,-0.02338699859211269,-0.006903818395092465
2021-12-14,0.03727096945408388,0.015504362683496531
2021-12-15,-0.03506127643297283,-0.00885778106245727
2021-12-16,-0.00032989649536464133,-0.010700073767954343
2021-12-17,-0.013509723485779576,-0.010690261910093035
2021-12-20,0.03007228649294312,0.017603183502558295
2021-12-21,0.015852043106769288,0.0099490250138361
2021-12-22,0.004500900487310354,0.006202708571044546
2021-12-23,0.029155950770610697,0.01405311999607406
2021-12-27,-0.008996547762104996,-0.0008176010521747656
2021-12-28,0.002927928581868025,0.0012783203579029845
2021-12-29,-0.009893451800611807,-0.0027682544257450203
2021-12-30,0.002055643348199605,-0.002523311850217702
2021-12-31,-0.009105993917931264,0.005773324563097759
2022-01-03,-0.0027784130770206143,-0.0003351824990058816
2022-01-04,-0.02708791697839035,-0.019388881941574176
2022-01-05,0.00461488033519846,-0.0009399816755557566
2022-01-06,-0.025609835710694542,-0.003961176849347936
2022-01-07,0.002237665948305401,-0.0012451989336588198
2022-01-10,0.012766177794874864,0.009067140179492839
2022-01-11,6.530757122116061e-05,0.002699732528567367
2022-01-12,-0.023289419365258184,-0.013874282140141858
2022-01-13,-0.0025165037295693292,0.0004089258702588694
2022-01-14,-0.028788905801032695,-0.017868303826167775
2022-01-18,-0.02101500867923962,-0.010437803529967482
2022-01-19,-0.023691746147244015,-0.011129689173271728
2022-01-20,-0.024058900001785108,-0.01982612945783302
2022-01-21,0.011916875665408161,0.004237955474050814
2022-01-24,-0.019532591754027582,-0.0122841233151183
2022-01-25,0.0,-0.002512036787261529
2022-01-26,0.0,-0.004950194846649936
2022-01-27,0.0,0.02453203985012209
2022-01-28,0.0,0.01785080788619009
2022-01-31,0.0,0.00673429634827194
2022-02-01,0.020046314731368753,0.009667006606655093
2022-02-02,-0.019997231994395157,-0.023785523101567563
2022-02-03,0.0030787711280404655,0.004691081124967411
2022-02-04,-0.0006746138989005774,-0.003214350034864033
2022-02-07,0.0125500350578964,0.00819414742586222
2022-02-08,0.021804331778829778,0.014529918047225365
2022-02-09,-0.01650392699178494,-0.018128745284936798
2022-02-10,-0.003592810735372785,-0.019915850252695044
2022-02-11,-0.015488647472052612,-0.0032745817482471296
2022-02-14,0.013090736564331278,0.015998112113130958
2022-02-15,0.007248843973867242,0.0011202686095570513
2022-02-16,-0.01618578049750337,-0.021592732345007803
2022-02-17,0.0004911265134203292,-0.006496161921070609
2022-02-18,-0.015911683032766338,-0.010789842442730624
2022-02-22,0.0,-0.017897723190406722
2022-02-23,0.0,0.014937026954192412
2022-02-24,0.0,0.02182388191354967
2022-02-25,0.0,-0.0025616030082122876
2022-02-28,0.0,-0.015347454297613083
2022-03-01,0.0,0.018229083811491797
2022-03-02,0.0,-0.004990789784114824
2022-03-03,0.0,-0.008157897966573735
2022-03-04,0.0,-0.02992252205899426
2022-03-07,0.0,-0.007610537151543362
2022-03-08,0.0,0.02645765694405533
2022-03-09,0.0,-0.004525809342526443
2022-03-10,0.0,-0.012796631917598056
2022-03-11,0.0,-0.007335037422057766
2022-03-14,0.0,0.021751969530733994
2022-03-15,0.0,0.021931922168677787
2022-03-16,0.0,0.012433467484583183
2022-03-17,0.0,0.01089324667360625
2022-03-18,0.0,-0.00029252094150322705
2022-03-21,0.0,0.011633453264932925
2022-03-22,-0.0014227519957246554,-0.012961967874041136
2022-03-23,0.006670508817615935,0.014961859910202158
2022-03-24,0.009609068664670758,0.004871741995865264
2022-03-25,0.00042172447509972134,0.007087886270741528
2022-03-28,0.007951159526715889,0.012294834011428613
2022-03-29,0.004861734061721393,-0.006193968742381095
2022-03-30,-0.010636240076275004,-0.015510755260337739
2022-03-31,0.007318731898240808,0.0028298487661793104
2022-04-01,0.000835367425213656,0.008530153171778743
2022-04-04,-0.012976775093168613,-0.012711836673548582
2022-04-05,0.01784593317349778,-0.010049630561610456
2022-04-06,0.014912825377955298,0.005026272106571028
2022-04-07,0.018460801138606802,-0.0026773126756678423
2022-04-08,-0.024676098093068553,-0.017240214599448578
2022-04-11,0.007372113719672395,-0.0037120010011522098
2022-04-12,0.0,0.011388312614196927
2022-04-13,0.0,-0.012529841361239136
2022-04-14,0.0,0.0004109971249652844
2022-04-18,0.0,0.01601377397989978
2022-04-19,0.0,-0.0007417683031620825
2022-04-20,0.0,-0.015066496631069626
2022-04-21,0.0,-0.027822542388769023
2022-04-22,0.0,0.0057807062918380225
2022-04-25,0.0,-0.02938844020186515
2022-04-26,0.0,0.002807758217242551
2022-04-27,0.0,0.02494581458643541
2022-04-28,0.0,-0.0376557560225681
2022-04-29,0.0,0.006001217092703293
2022-05-02,0.0,0.004573748971544944
2022-05-03,0.0,0.029998328987874245
2022-05-04,0.0,-0.03618981932790977
2022-05-05,0.0,-0.00598675201917942
2022-05-06,0.0,-0.03254104037867922
2022-05-09,0.0,0.002307938287879452
2022-05-10,0.0,-0.01601372764743214
2022-05-11,0.0,-0.0010445152106779432
2022-05-12,0.0,0.023626521424746194
2022-05-13,0.0,-0.004065778666261011
2022-05-16,0.0,0.0203616613871489
2022-05-17,0.0,-0.04114671764262834
2022-05-18,0.0,-0.006143405894766474
2022-05-19,0.0,0.00043634608289799814
2022-05-20,0.0,0.01853719614177063
2022-05-23,0.0,-0.0076628790117716505
2022-05-24,0.0,0.008796087172214584
2022-05-25,0.0,0.019784458053049292
2022-05-26,0.0,0.024252558240540623
2022-05-27,0.0,-0.005626756853865267
2022-05-31,0.0,-0.008121354991245333
2022-06-01,0.0,0.018864375687589252
2022-06-02,0.0,-0.016547624012795303
2022-06-03,0.0,0.0030401616188706626
2022-06-06,0.0,0.009546328021458272
2022-06-07,0.0,-0.010931655847138622
2022-06-08,0.0,-0.024070262330030623
2022-06-09,0.0,-0.0294243931720386
2022-06-10,0.0,-0.03870778791202767
2022-06-13,0.0,-0.003017758713028229
2022-06-14,0.0,0.014155517857670219
2022-06-15,0.0,-0.033655870957704614
2022-06-16,0.0,0.0021532952385552306
2022-06-17,0.0,0.02486213036914009
2022-06-21,0.0,-0.0018146603411786089
2022-06-22,0.0,0.009754757340526332
2022-06-23,0.0,0.03129874706235469
2022-06-24,0.0,-0.0038266698120219544
2022-06-27,0.0,-0.020644763579394265
2022-06-28,0.0,-0.0008145556382030961
2022-06-29,0.0,-0.00815742428723265
2022-06-30,0.0,0.010520824806903306
2022-07-01,0.0,0.0018866901011911352
2022-07-05,0.0,0.0033717757672784288
2022-07-06,0.0,0.014866156039211376
2022-07-07,0.0,-0.0008230104230095847
2022-07-08,0.0,-0.01148926396985761
2022-07-11,0.0,-0.00888834892402457
2022-07-12,0.0,-0.005265624524103174
2022-07-13,0.0,-0.00243127044796676
2022-07-14,0.0,0.018924912147482154
2022-07-15,0.0,-0.008291286415055055
2022-07-18,0.0,0.026660514623235265
2022-07-19,0.0,0.006352975960731477
2022-07-20,0.0,0.010131815207921058
2022-07-21,0.0,-0.00932159826244483
2022-07-22,0.0,0.0012142993674064684
2022-07-25,0.0,-0.011901535427102594
2022-07-26,0.0,0.025634867924763327
2022-07-27,0.0,0.012464470283327422
2022-07-28,0.0,0.014473471085141298
2022-07-29,0.0,-0.0029657138326202315
2022-08-01,0.0,-0.006619111254735799
2022-08-02,0.0,0.015538158551879455
2022-08-03,0.0,-0.0006758848244370341
2022-08-04,0.0,-0.0016916354919480625
2022-08-05,0.0,-0.0011614654716414208
2022-08-08,0.0,-0.00397888889049014
2022-08-09,0.0,0.020786185202128493
2022-08-10,0.0,0.0
2022-08-11,0.0,0.01678745358985001
2022-08-12,0.0,0.004112265126438253
2022-08-15,0.0,0.001956646335029788
2022-08-16,0.0007633100847608446,-0.007123111605059407
2022-08-17,0.010653129384543481,0.002902286785885444
2022-08-18,-0.0008280250519290024,-0.013529279555299034
2022-08-19,-0.0037258014331038305,-0.021042331440294326
2022-08-22,-0.001522719554502124,-0.0024222338836592527
2022-08-23,0.0,0.0031962793130384526
2022-08-24,0.0,0.014018600846807061
2022-08-25,0.0,-0.03443498873119566
2022-08-26,0.0,-0.006634131455396819
2022-08-29,0.0,-0.01103872448064891
2022-08-30,0.0,-0.007638057847669799
2022-08-31,0.0,0.0031328848938860787
2022-09-01,0.0,-0.010600297651029322
2022-09-02,0.0,-0.003780262083938446
2022-09-06,0.0,0.017805269205035223
2022-09-07,0.0,0.006515193959098831
2022-09-08,0.0,0.015415722493694162
2022-09-09,0.0,0.010690364829720522
2022-09-12,0.0,-0.04445613878651944
2022-09-13,0.0,0.0038083871316922924
2022-09-14,0.0,-0.011417867300653306
2022-09-15,0.0,-0.007658348535092507
2022-09-16,0.0,0.007724860683445023
2022-09-19,0.0,-0.01154496265697258
2022-09-20,0.0,-0.01759756330985862
2022-09-21,0.0,-0.008435431423804651
2022-09-22,0.0,-0.016896791326167282
2022-09-23,0.0,-0.009941905476908985
2022-09-26,0.0,-0.0025558776994216714
2022-09-27,0.0,0.019485340167057608
2022-09-28,0.0,-0.021110346794369406
2022-09-29,0.0,-0.015584353907450499
2022-09-30,0.0,0.026058983585689255
2022-10-03,0.0,0.030516021354344502
2022-10-04,0.0,-0.0023309983383477118
2022-10-05,0.0,-0.010369394310487223
2022-10-06,0.0,-0.028290258383748323
2022-10-07,0.0,-0.007664696048545139
2022-10-10,0.0,-0.0063530350468834484
2022-10-11,0.0,-0.0033040235257599804
2022-10-12,0.0,0.026048956862901207
2022-10-13,0.0,-0.02305248518963854
2022-10-14,0.0,0.025372503731901475
2022-10-17,0.0,0.011680996531286958
2022-10-18,0.0,-0.007111684474837787
2022-10-19,0.0,-0.008420520378889407
2022-10-20,0.0,0.024010844132094533
2022-10-21,0.0,0.012161926515561916
2022-10-24,0.0,0.015842673116799766
2022-10-25,0.0,-0.007562712194228105
2022-10-26,0.0,-0.005354293895922346
2022-10-27,0.0,0.023512078934164293
2022-10-28,0.0,-0.007249482597915247
2022-10-31,0.0,-0.004385340273077354
2022-11-01,0.0,-0.025416587931643697
2022-11-02,0.0,-0.010350058316396016
2022-11-03,0.0,0.014290257383203553
2022-11-04,0.0,0.00952015035209719
2022-11-07,0.0,0.005380903252657276
2022-11-08,0.0,-0.020817146628330008
2022-11-09,0.0,0.05349721910708727
2022-11-10,0.0,0.009631942624682921
2022-11-11,0.0,-0.008543014299470464
2022-11-14,0.0,0.008492888875269777
2022-11-15,0.0,-0.007658078569295235
2022-11-16,0.0,-0.0030645197912289035
2022-11-17,0.0,0.004530077884888684
2022-11-18,0.0,-0.0036428627471885022
2022-11-21,0.0,0.013367534340274823
2022-11-22,0.0,0.006281777713786241
2022-11-23,0.0,-0.00022383041827644945
2022-11-25,0.0,-0.016085697936773613
2022-11-28,0.0,-0.0017190770144210887
2022-11-29,0.0,0.03101466386494245
2022-11-30,0.0,-0.0007360081009117891
2022-12-01,0.0,-0.0011545504412984187
2022-12-02,0.0,-0.01815296502959729
2022-12-05,0.0,-0.01451970136959968
2022-12-06,0.0,-0.0017025569063804369
2022-12-07,0.0,0.007803259386126804
2022-12-08,0.0,-0.007498060761872871
2022-12-09,0.0,0.0143141313330295
2022-12-12,0.0,0.007541457839014498
2022-12-13,-0.002916591640781536,-0.006414137028375677
2022-12-14,-0.016078502029724363,-0.02476571536409722
2022-12-15,-0.011367720502278586,-0.011876444934058483
2022-12-16,-0.003133892391614868,-0.008515671109439182
2022-12-19,0.021907362636476652,0.0013673496508026517
2022-12-20,0.0,0.014841798125297956
2022-12-21,0.0,-0.014368797532334554
2022-12-22,0.0,0.005735810880496572
2022-12-23,0.0,-0.003951391719819064
2022-12-27,0.0,-0.012505955730709672
2022-12-28,0.0,0.017840353952136567
2022-12-29,0.0,-0.0026375618516114585
2022-12-30,0.0,-0.004218732369614564
2023-01-03,0.0,0.007690719862386786
2023-01-04,0.0,-0.011479249953340265
2023-01-05,0.0,0.02267304443428575
2023-01-06,0.0,-0.0005669644176879984
2023-01-09,0.0,0.0069884723972100105
2023-01-10,0.0,0.012568601562126247
2023-01-11,0.0,0.003634131060852752
2023-01-12,0.0,0.003871846477433216
2023-01-13,0.0,-0.0018334266431860868
2023-01-17,-0.012439491555093107,-0.0159141028569616
2023-01-18,-0.018256513767144853,-0.007306682414294663
2023-01-19,0.009409866690933456,0.018457804487756135
2023-01-20,0.011044131804738814,0.011927164945974233
2023-01-23,2.2045118505450295e-06,-0.0010736578894245952
2023-01-24,0.0013807036925812671,0.0003745960159777795
2023-01-25,0.013798376727694604,0.010930362519765424
2023-01-26,-0.0038581756726989752,0.002295080818334405
2023-01-27,-0.017286901652756644,-0.0126259671325899
2023-01-30,0.015616285293855123,0.01459611826468521
2023-01-31,0.010552169203109791,0.01057180853740558
2023-02-01,-0.013791686682684809,0.014451890445198678
2023-02-02,0.014983854740229788,-0.010685940105210179
2023-02-03,-0.0071255995289631405,-0.0061301235538886445
2023-02-06,0.0039317730572887965,0.012993825032764583
2023-02-07,-0.0015055676960215123,-0.010994872467090744
2023-02-08,-0.004075039408330719,-0.008707075977298473
2023-02-09,0.01117917622951909,0.0023310253823929372
2023-02-10,0.009170171375505326,0.01167056770594499
2023-02-13,9.495181856221781e-05,-0.00046025684566863845
2023-02-14,0.006940469882743581,0.00324210618309273
2023-02-15,-0.009452254318950432,-0.013864548098220908
2023-02-16,-0.00575574066586983,-0.00250134265023938
2023-02-17,-0.016792941596389697,-0.020264738042445885
2023-02-21,-0.0029503216866257026,-0.0013791873768935758
2023-02-22,0.00532310090106949,0.0053052111231943755
2023-02-23,-0.00552879002620474,-0.010739844107798824
2023-02-24,0.007372412894063061,0.0033999948673733016
2023-02-27,0.0013354420551621622,-0.003702468972549333
2023-02-28,0.027912192057192683,-0.0038434831326501495
2023-03-01,0.006553551604181242,0.007747267637484789
2023-03-02,0.019326116710588637,0.01591050725822729
2023-03-03,-0.005908876776853595,0.0006925016433871889
2023-03-06,-0.004081009861658964,-0.015447412441769615
2023-03-07,0.0037818999070878398,0.001630812110054336
2023-03-08,-0.01860152000128415,-0.018622195081630544
2023-03-09,-0.020850378328685644,-0.014534485392075247
2023-03-10,-0.013263852812865674,-0.001426407260784579
2023-03-13,0.015194523706645464,0.016395083068148075
2023-03-14,-0.018377347389931242,-0.006274113081030208
2023-03-15,0.019467041905589448,0.0173930587484179
2023-03-16,-0.023497139930610103,-0.011761415538209086
2023-03-17,0.015816790320851617,0.009569669197554198
2023-03-20,0.023262319679698377,0.01304496269714317
2023-03-21,-0.01749897838061507,-0.017193548645169976
2023-03-22,0.0015684110949288435,0.002699843788151135
2023-03-23,0.0029692867500452605,0.006540555127810599
2023-03-24,0.008958260766410346,0.0018680937694197652
2023-03-27,-0.003588718087057718,-0.0022472914506606045
2023-03-28,0.007871701299074777,0.014430350266129821
2023-03-29,-0.0018098612296439328,0.005838260504995141
2023-03-30,0.02278530457325602,0.013996075756234738
2023-03-31,-0.002982648879823325,0.0038033188592958567
2023-04-03,-0.012680874707426236,-0.005563635402761058
2023-04-04,-0.020030353075746868,-0.0026215708189978315
2023-04-05,0.00026808039572108553,0.0038932644590730092
2023-04-06,0.0179502343421504,0.0010258324818073206
2023-04-10,0.0031021786018298053,0.00026853540563998024
2023-04-11,0.0004644921117880115,-0.004084242478262112
2023-04-12,0.0024744288129542272,0.013195026458737935
2023-04-13,0.004412045205562828,-0.0024455497684563454
2023-04-14,0.007629930120801499,0.003581828682574617
2023-04-17,0.007463398866872175,0.00065197982915155
2023-04-18,-0.003942320948674821,-0.00016903933344458721
2023-04-19,-0.006670870698638141,-0.005471951764255856
2023-04-20,0.006696687550155572,0.0007765789020233171
2023-04-21,-0.00612765785892566,0.0010426176658846487
2023-04-24,-0.01332607468801234,-0.01600109448456699
2023-04-25,-0.009028333880545684,-0.004244605007847291
2023-04-26,0.019398369489605535,0.019712499824026786
2023-04-27,-0.0016922113678902034,0.008498947015169733
2023-04-28,0.006068336293032365,-0.0010103136976846727
2023-05-01,-0.010333151535637651,-0.011302839516381447
2023-05-02,0.0155380942189898,-0.006887642629401114
2023-05-03,-0.01365971961570813,-0.007108131369283122
2023-05-04,0.015104882156530795,0.018343179865968118
2023-05-05,0.0009969630028477457,0.00026657029204280036
2023-05-08,0.00011073360140263083,-0.00439491070899134
2023-05-09,-0.016048458240469406,0.004661486972889151
2023-05-10,0.007717731748147432,-0.0017455507582839758
2023-05-11,0.013826673015353117,-0.0013111269169003847
2023-05-12,0.011311240519205828,0.0034442071764155813
2023-05-15,-0.002797435105951488,-0.006705307087096379
2023-05-16,0.0023138120248822353,0.012066005741087515
2023-05-17,0.017877140771224893,0.009587167981102596
2023-05-18,-0.008519331032425642,-0.001456137923852907
2023-05-19,-0.0006338322338351424,0.0004061042351022337
2023-05-22,-0.026405059497349535,-0.01128637108986652
2023-05-23,0.000929032180903353,-0.007271138501130814
2023-05-24,0.03554919590353249,0.008622509966500047
2023-05-25,0.010899353085664618,0.012867596397045489
2023-05-26,0.006977162326765811,0.0003806884012300671
2023-05-30,-0.013526491443545067,-0.005560467907518962
2023-05-31,0.013662208591351343,0.009456263805915022
2023-06-01,0.011564869005505768,0.01435742405134377
2023-06-02,0.0007808038362050328,-0.0019179736781014256
2023-06-05,0.011572431116611555,0.0021751689245128603
2023-06-06,-0.012237490957139285,-0.0034639398174274305
2023-06-07,0.005502019540746984,0.006030556510558505
2023-06-08,0.003900475487785313,0.0017925056615828439
2023-06-09,0.012254966206304632,0.009030896687055368
2023-06-12,0.0038481384253087384,0.006571394695480848
2023-06-13,-0.004549034693546078,0.001190080773987745
2023-06-14,0.006803179308148177,0.012321502858557487
2023-06-15,-0.00323538827765274,-0.0034120679526816744
2023-06-16,0.00225204494592875,-0.005201654145490231
2023-06-20,0.0037757416965882567,-0.00513686344257458
2023-06-21,0.00042271159025556674,0.003603137771147402
2023-06-22,-0.0059079364997000165,-0.00758872024181656
2023-06-23,-0.007563264032799211,-0.004094037813914042
2023-06-26,0.018742732363398573,0.010903719022020475
2023-06-27,0.009556146520531966,0.0005042558537633468
2023-06-28,0.0021666700682764503,0.003933531261169243
2023-06-29,0.0179489155565992,0.0117316117406574
2023-06-30,-0.005639034561032169,0.00114992374903089
2023-07-03,0.002134405657039035,-0.0014884178580274465
2023-07-05,-0.01679166538424951,-0.007861393835023378
2023-07-06,0.005107226627412812,-0.002528000744967507
2023-07-07,0.0155802822369629,0.002528000744967507
2023-07-10,0.0003229502685158654,0.006348348955838468
2023-07-11,0.006700018354629748,0.008013702273392376
2023-07-12,0.010268321300094002,0.007905461915325596
2023-07-13,-0.005529830563938966,-0.0006228687326705895
2023-07-14,0.017955804029710063,0.0034660611090151505
2023-07-17,0.014277777057902973,0.007403246020352583
2023-07-18,-0.001036938854951333,0.002221177286751974
2023-07-19,-0.01844620720711211,-0.006656530689148177
2023-07-20,-0.00625186916613066,0.0
2023-07-21,0.001434369797241999,0.004457392243483405
2023-07-24,0.010280774314424352,0.00272620726031203
2023-07-25,-0.008131558038293622,0.00015369927050201682
2023-07-26,1.1778011912211284e-05,-0.006651985577355468
2023-07-27,0.003494173704860364,0.009742789442427124
2023-07-28,-2.97701266392344e-05,0.0019021926865177008
2023-07-31,-0.0010172454534004545,-0.002865681223242156
2023-08-01,0.009172609421360483,-0.01400846395787081
2023-08-02,-0.005759365204520354,-0.002870055158584961
2023-08-03,0.013500662839216797,-0.004533003905277333
2023-08-04,0.023336578258087496,0.008690618715235132
2023-08-07,-0.013233296870729458,-0.0043580686550726
2023-08-08,-0.0353274883986158,-0.0067076874141660525
2023-08-09,0.0009939282913768194,0.00035874029466942403
2023-08-10,-0.01120165579594925,-0.0005832582456593016
2023-08-11,0.021870567270084358,0.0055049988586741705
2023-08-14,-0.006032646628060131,-0.011717281987742467
2023-08-15,-0.01397840419756858,-0.007365214646971374
2023-08-16,-0.030354879403764023,-0.007649052688063485
2023-08-17,0.0105178399995287,0.0004810401011408061
2023-08-18,0.017840781642430213,0.006485301806615773
2023-08-21,-0.0038912631749383215,-0.00271230597022587
2023-08-22,0.019228768488235015,0.011076314871344195
2023-08-23,-0.01931202850950372,-0.013956004643945974
2023-08-24,0.01175623815973845,0.007024920040729299
2023-08-25,0.009319304986874614,0.006321497546121435
2023-08-28,0.016412004475152512,0.014351143231170482
2023-08-29,0.007678054814058234,0.0041104816171628755
2023-08-30,0.004374852993392777,-0.001464432327582088
2023-08-31,0.005380859051388123,0.0018633616910221917
2023-09-01,-0.012312062281044306,-0.004331351246627868
2023-09-05,0.0001226489331981719,-0.006745069819515059
2023-09-06,-0.001834965863806263,-0.0030749540943775244
2023-09-07,0.0027338875987487476,0.0015049220184915058
2023-09-08,0.010351433247133071,0.006555115081732232
2023-09-11,-0.010721599806524873,-0.005500529676925936
2023-09-12,-0.009411698758476346,0.0011651457938324228
2023-09-13,0.016161709025636004,0.008585516671979043
2023-09-14,-0.023774961869991264,-0.012121485766631857
2023-09-15,0.0019623919023909198,0.0005861888498737144
2023-09-18,-0.0032540739147720226,-0.0020761247216949386
2023-09-19,-0.013648366026223196,-0.009235711797423996
2023-09-20,-0.02645323463273073,-0.016666551166331978
2023-09-21,-0.0020963053983879022,-0.0022510333696352802
2023-09-22,0.006730864092045538,0.004196465623524048
2023-09-25,-0.009909407268683411,-0.01480023687323584
2023-09-26,0.009943829076445686,0.00039890117817265036
2023-09-27,0.00987733581581695,0.005780731439314124
2023-09-28,-0.007485532343230009,-0.00242981941489262
2023-09-29,0.0045126807119353265,-0.00039786194966495714
2023-10-02,-0.02445328259945599,-0.013476349364344387
2023-10-03,0.01806780202651674,0.007255526482180308
2023-10-04,0.00018064384176456677,-0.0003768578965832603
2023-10-05,0.020659716361208523,0.011802996034056434
2023-10-06,0.0071813474004119495,0.006381717292067712
2023-10-09,0.009238943537776156,0.005191195777777047
2023-10-10,0.01601987377570037,0.004088107539671704
2023-10-11,-0.009268336374233384,-0.006115262119406495
2023-10-12,-0.01682325917907783,-0.004993248545788198
2023-10-13,0.010720949535726762,0.01046653041166401
2023-10-16,-0.0005137228520451387,-4.5897362212166115e-05
2023-10-17,-0.02144403535955826,-0.013414594179287143
2023-10-18,-0.02527448126798458,-0.008825130953897364
2023-10-19,-0.02099589365188622,-0.012364396931641153
2023-10-20,0.0037301460010110603,-0.0017346583770914137
2023-10-23,0.014322451754957458,0.007511261991287377
2023-10-24,-0.02944944655111757,-0.014456329967059034
2023-10-25,-0.029297945002711746,-0.012046887965105668
2023-10-26,0.006632506756430228,-0.004542965488900208
2023-10-27,0.0036691388671028498,0.011884661691514253
2023-10-30,0.006780068983560414,0.00626075675509874
2023-10-31,0.0,0.010608301276139542
2023-11-01,0.0,0.018983016845805167
2023-11-02,0.0,0.00908201371953865
2023-11-03,0.0,0.002297775512033695
2023-11-06,0.0,0.002842003708621199
2023-11-07,0.007238634939473494,0.0007321436507137236
2023-11-08,-0.010011092454227478,-0.007829326485084387
2023-11-09,0.023101757100427583,0.015484286258116597
2023-11-10,-0.0010229344469429233,-0.0009535639347646452
2023-11-13,0.025750876247603117,0.0192149048807444
2023-11-14,-0.013614412124213795,0.0021147077974390527
2023-11-15,-0.010931191466732984,0.0012225551448867833
2023-11-16,0.005900661948149637,0.0012429797601036796
2023-11-17,0.015330175934047067,0.007668080623975726
2023-11-20,-0.013232420950504375,-0.002181802756715534
2023-11-21,0.002476508499127398,0.0038534000375429756
2023-11-22,-0.0029930786639969574,0.0006151406483816402
2023-11-24,0.004240889999849488,-0.0018025232149181392
2023-11-27,-0.007737453208174436,0.000989722125923187
2023-11-28,-0.012455889963186188,-0.0007036801692779093
2023-11-29,-0.0016353352655088418,0.003929626401917297
2023-11-30,0.005440983531571948,0.005898433674004444
2023-12-01,-0.006162826624202393,-0.005263241702404109
2023-12-04,-0.0034814187501871936,-0.00019700670156108657
2023-12-05,-0.004391180482802877,-0.004037982364136106
2023-12-06,0.009179999168195736,0.007601393296371661
2023-12-07,0.016807181203505356,0.004290032573335267
2023-12-08,0.004154824142131244,0.0038819862340746525
2023-12-11,0.008969748591937917,0.004556882411789864
2023-12-12,0.012974770148862887,0.013695845688702413
2023-12-13,-0.006166430999668712,0.0032044269909041745
2023-12-14,-0.00231533165091451,-0.001648019485548602
2023-12-15,0.010141973136293725,0.005609192803207819
2023-12-18,0.014054447282782448,0.006062598778440176
2023-12-19,-0.02268085984647765,-0.013954237925529966
2023-12-20,0.00931201556578453,0.00943734154873166
2023-12-21,-0.009260706371444952,0.0020075802572385726
2023-12-22,0.0017380682848889125,0.0042136451523893115
2023-12-26,0.0007862248700111949,0.0018064684468903636
2023-12-27,-0.00037147097202334077,0.0003777728328104857
2023-12-28,-0.009282838052956384,-0.0028993167906357087
2023-12-29,-0.027103736236941126,-0.005612102284534792
2024-01-02,-0.013706848364620761,-0.008200211196126794
2024-01-03,0.0005165487363387991,-0.003226207073256937
2024-01-04,-0.002539882244116393,0.001368731501034226
2024-01-05,0.03505610762286647,0.014174976088312974
2024-01-08,0.011130423284379694,-0.0015181473394472178
2024-01-09,0.009505979032919339,0.005639400501745939
2024-01-10,0.0030988779867476054,-0.0004407701645678941
2024-01-11,-0.0005796156457582814,0.0006926081611151602
2024-01-12,0.0025734836774364725,-0.003677996251269633
2024-01-16,0.0017269413075502948,-0.005574201725694117
2024-01-17,0.013445877636394035,0.008853436184748098
2024-01-18,0.011103334356168098,0.012389217300542654
2024-01-19,0.018930846549667577,0.002112024490992681
2024-01-22,-0.007591994850204105,0.0029121690043378834
2024-01-23,-0.011142741335342703,0.0010926657147702912
2024-01-24,0.0016861169095972704,0.0054241044912561875
2024-01-25,0.0031003619271903296,-0.0012711417633122224
2024-01-26,0.019654785845447324,0.007888178654051892
2024-01-29,-0.002150583274149574,-0.0007738554042315826
2024-01-30,-0.013492401378564792,-0.016451854235812746
2024-01-31,0.024099845611291377,0.01300320507659336
2024-02-01,0.025504822579212487,0.010472397718609194
2024-02-02,-0.0011308409672599311,-0.0036477773947556358
2024-02-05,-0.00244365582450552,0.0028990474856307458
2024-02-06,0.015684966298961853,0.008305842928673535
2024-02-07,0.0022209092495274916,0.00044158984417297376
2024-02-08,0.010786838439573343,0.005762636564946355
2024-02-09,-0.008867973892635949,-0.0004389891299760862
2024-02-12,-0.001462681419314198,-0.013868780706439487
2024-02-13,0.023436668850229464,0.009046686127942571
2024-02-14,0.009969991553531203,0.006876098630863581
2024-02-15,-0.024719116986675546,-0.004992477596624134
2024-02-16,-0.00701599047091907,-0.005520718367128197
2024-02-20,-0.02128838892232765,0.0009055359669147833
2024-02-21,0.04835763211013297,0.020484246307596266
2024-02-22,-0.0020975816556702506,0.0006894202445959507
2024-02-23,0.005885901746324485,-0.0036692404808897905
2024-02-26,-7.215022105454836e-05,0.0018559626862471035
2024-02-27,-0.009376453347972774,-0.0013225149815347947
2024-02-28,0.015068783474752954,0.0035885215983295637
2024-02-29,0.01705453945672844,0.009344411629882643
2024-03-01,0.007472555878933942,-0.0010729744406745567
2024-03-04,-0.01873110272202355,-0.010044407469121275
2024-03-05,0.0240728792327993,0.005054396556187335
2024-03-06,0.017910046196238746,0.00987763133853825
2024-03-07,-0.018008326777406103,-0.006020355911052988
2024-03-08,-0.01886678613866142,-0.0008601711708502435
2024-03-11,0.03196760469026523,0.010699961630185939
2024-03-12,0.0036341845157844945,-0.0015688811394314328
2024-03-13,-0.013930153216105749,-0.001978717560858101
2024-03-14,-0.008501778079007441,-0.00689020738642121
2024-03-15,0.017243311158014005,0.005925503240105101
2024-03-18,-0.0042778723382944,0.005541826965087537
2024-03-19,0.01993794215321079,0.009206647718752237
2024-03-20,0.023302718744302085,0.003299343494572504
2024-03-21,-0.0037633876198901167,-0.0018975525279056882
2024-03-22,0.006115508551265936,-0.002766717383560824
2024-03-25,-0.0019035885035522519,-0.0018487400527860132
2024-03-26,-0.013478220316612553,0.008368809460892024
2024-03-27,-0.002813707965168384,-0.00019141673635658663
2024-03-28,0.002061657569053725,-0.00174108727968747
2024-04-01,-0.005656916485763112,-0.006378314438149957
2024-04-02,0.02109632813406431,0.0010978116533726379
2024-04-03,-0.02219559367089223,-0.01228119731386812
2024-04-04,0.02873695278486056,0.010392666540212758
2024-04-05,-0.007855966352747603,0.0005592786889261347
2024-04-08,-0.019884386791664932,0.0011560633846476875
2024-04-09,-0.0028847074217558354,-0.010063512295973354
2024-04-10,0.017184179081894575,0.007518527385080631
2024-04-11,-0.028053187219694603,-0.013899359306844161
2024-04-12,-0.027657023358897755,-0.012607183156613466
2024-04-15,0.010462789992198747,-0.0018255150009469645
2024-04-16,-0.012177672371889395,-0.005935695087653237
2024-04-17,-0.006237409812390684,-0.0020598883975795346
2024-04-18,-0.03610583113030696,-0.008766713006039595
2024-04-19,0.010406986548825502,0.00916698873178845
2024-04-22,0.022616787801026828,0.011796781136740542
2024-04-23,-0.00329839019891653,-0.0004747650798728742
2024-04-24,0.007817175821759328,-0.0038061325092364484
2024-04-25,0.027508227110442103,0.009429296178264046
2024-04-26,0.0005244454233953966,0.0035351712494646748
2024-04-29,-0.01970610947207401,-0.015968041430060254
2024-04-30,-0.010210996054040364,-0.0032523713526346754
2024-05-01,0.03438330695526189,0.009309915548287861
2024-05-02,0.01867619970142477,0.012319262744207471
2024-05-03,0.025677568395727497,0.010273655822660821
2024-05-06,-0.008083293164988285,0.0011029970436267078
2024-05-07,0.021510439126071836,9.65377052759564e-05
2024-05-08,0.024519910600794954,0.005745329341181993
2024-05-09,-0.007853117453902235,0.001287399974335024
2024-05-10,-0.013041811551218727,0.0001341781141261933
2024-05-13,0.013814589299259033,0.004577668961414538
2024-05-14,0.03614893201525125,0.012307083930095608
2024-05-15,-0.023244893721803557,-0.0020595221891825943
2024-05-16,0.0013442931221153477,0.0014363925564628843
2024-05-17,0.006082240823006649,0.001151509104500903
2024-05-20,0.00942848276851432,0.0024493460383734345
2024-05-21,-0.001127745753406692,-0.0028834318333155196
2024-05-22,-0.002721187812584065,-0.007331087212715914
2024-05-23,0.026030310975143703,0.006594721309514995
2024-05-24,0.0003863737003010747,0.000698625837484812
2024-05-28,-0.00477161855487207,-0.0070270249777033555
2024-05-29,-0.0032276356973614732,-0.006655917058281169
2024-05-30,-0.032653360742612395,0.009066864636823269
2024-05-31,-0.02257083624085426,0.0008151458122913624
2024-06-03,-0.010267889873623688,0.0011171466779327233
2024-06-04,0.020912535134523486,0.011815105810351945
2024-06-05,-0.022391631620042672,-1.8757654736134555e-05
2024-06-06,-0.0036085602196225895,-0.0012163641343123643
2024-06-07,0.015209515462215106,0.0030848903048878995
2024-06-10,-0.004388226319146596,0.002405326817171982
2024-06-11,0.007619911442248856,0.008179566296291796
2024-06-12,-0.0011943825333783778,0.0020114854581949615
2024-06-13,-0.01818846363922782,0.0006082006776040316
2024-06-14,0.004731803806694731,0.007927438298522382
2024-06-17,0.018070868221819854,0.0025374979774266393
2024-06-18,-0.008866683456766233,-0.002720254965052682
2024-06-20,-0.003721972540815837,-0.0013415071828646319
2024-06-21,-0.007456882890452185,-0.003255919547210162
2024-06-24,0.011556996607102632,0.0038432439116702355
2024-06-25,-0.016633381092536953,0.001247492784700377
2024-06-26,0.010710274893464513,0.0015752203432350953
2024-06-27,-0.01599355028231722,-0.003942827932308823
2024-06-28,-0.001869505535038191,0.002055908902609538
2024-07-01,0.008119057207120424,0.006707119204569345
2024-07-02,0.02395263664278809,0.0044525931990060386
2024-07-03,-0.009367403186054937,0.0057502604183259365
2024-07-05,0.006292695657624879,0.0011532061288646034
2024-07-08,0.0029931733790589383,0.0009718121832875681
2024-07-09,0.013405299200209444,0.009846755245564331
2024-07-10,-0.007567060626124742,-0.008660178587436285
2024-07-11,0.005847145662884074,0.006287817210343327
2024-07-12,-0.001371391668063886,0.002746290258841988
2024-07-15,0.010819372931244447,0.005912822814001295
2024-07-16,-0.04094488273944573,-0.014120461787227256
2024-07-17,0.012079943111115024,-0.0077144340964308
2024-07-18,-0.0019878287310527514,-0.006662901242614261
2024-07-19,0.01980890942435199,0.010256957726202387
2024-07-22,0.0006289691323421659,-0.001569513039337167
2024-07-23,-0.039112986982221445,-0.022923273957566437
2024-07-24,-0.0005217041881824553,-0.005224045490807683
2024-07-25,0.02077067110251983,0.011137417389716298
2024-07-26,-0.004677869238735166,0.0005876292850235387
2024-07-29,0.005922412163523662,-0.005079434186008314
2024-07-30,0.0248737453024469,0.01612392516838046
2024-07-31,-0.014806697435278848,-0.014262093335322135
2024-08-01,-0.035241328591473275,-0.01879375786528481
2024-08-02,-0.028959307928530045,-0.029556323091429526
2024-08-05,0.021220039442408106,0.009177246447340082
2024-08-06,-0.012095909718752632,-0.0067064228128090875
2024-08-07,0.041867073808451796,0.022854320640100845
2024-08-08,0.0041387237039883975,0.0043997634367700655
2024-08-09,0.0014749998278457185,0.0005253843187515983
2024-08-12,0.015599698861995429,0.01631173157830723
2024-08-13,0.0007962441665904285,0.0031499293344436907
2024-08-14,0.017702205973635136,0.016994927720332065
2024-08-15,0.002592718067599712,0.0022393714160076073
2024-08-16,0.01027598921353284,0.009516011066275532
2024-08-19,-0.009296014410051125,-0.0016271605476925188
2024-08-20,0.014065970095589164,0.00343045658519614
2024-08-21,-0.009300571465299114,-0.007879363668397588
2024-08-22,0.020161381666067693,0.010569110917247215
2024-08-23,-0.0011272166144592915,-0.0023865427561586827
2024-08-26,0.0003510639851743313,0.0013722402939952971
2024-08-27,-0.006635313452580393,-0.0058223245759290165
2024-08-28,-0.006414540086692989,8.952502392656214e-05
2024-08-29,0.009581889244431895,0.009500797762766133
2024-08-30,-0.03375458254507949,-0.02079384114690086
2024-09-03,0.005252627775618037,-0.002048928932263827
2024-09-04,-0.005006617176074404,-0.002434916330410708
2024-09-05,-0.012566918896003377,-0.016973325640770476
2024-09-06,0.008459736861772467,0.011133809434706876
2024-09-09,0.0003815322022883462,0.004346342461754027
2024-09-10,0.005260291283360316,0.0102065847286541
2024-09-11,0.012427439556195984,0.008388182308203262
2024-09-12,0.010970173520034921,0.0052090800651347635
2024-09-13,0.0148235633049316,0.0014757262746867283
2024-09-16,0.0020921086037668218,0.0004085391054875487
2024-09-17,0.005098872429231917,-0.0029701208031536197
2024-09-18,0.013280624009223179,0.016920417749807903
2024-09-19,0.004287455425372101,-0.0017302080740719816
2024-09-20,0.011687281697443087,0.002495787596560106
2024-09-23,0.0025966693724882852,0.0028572918902982636
2024-09-24,0.0023670438558896873,-0.002208118912641943
2024-09-25,-0.009281938945078266,0.003956961107473234
2024-09-26,-0.0008716192040162374,-0.0014514517825867657
2024-09-27,0.007418117003085059,0.0039992989137518364
2024-09-30,-0.003648657855787087,-0.00899875505320935
2024-10-01,0.009287742017304666,0.00042176563149975976
2024-10-02,0.00014590279072505905,-0.0018296319471806655
2024-10-03,0.00978650361460082,0.009046164072418428
2024-10-04,-0.007767800097111288,-0.009081487613016748
2024-10-07,0.01387842266391108,0.0094132174075785
2024-10-08,0.004307309618086145,0.0069024963903956404
2024-10-09,-0.0028557959103062158,-0.0017516779145614336
2024-10-10,0.011573951182502096,0.005970483612594002
2024-10-11,0.006025143972196537,0.008144978955629156
2024-10-14,-0.00236684786038656,-0.007800051211347636
2024-10-15,0.007768954677116182,0.004337103068818848
2024-10-16,-0.004250073168986143,8.567981671703251e-05
2024-10-17,-0.0009178540994785899,0.0038392762802468283
2024-10-18,0.004105116499948164,-0.0016435233144909134
2024-10-21,-0.0028602886170505356,-0.0005313207962212019
2024-10-22,-0.006959813855963604,-0.009179367560592233
2024-10-23,0.002144253702583956,0.002160251802550306
2024-10-24,0.0010566575458166323,-0.00034535696093129786
2024-10-25,0.009337411120200374,0.0030867687901059426
2024-10-28,0.0012680524307208578,0.001616964221360817
2024-10-29,-0.006280906999854493,-0.003029794379390438
2024-10-30,-0.0048355033483691535,-0.019797775292802022
2024-10-31,-0.013722701649028458,0.0042115975622021296
2024-11-01,-0.0037710195641375765,-0.00215643419882916
2024-11-04,0.020604747172600087,0.012019294230185551
2024-11-05,0.026346022451720623,0.024561585978237765
2024-11-06,0.04912966199607021,0.007702427366209186
2024-11-07,0.04297827152813895,0.004322252656401737
2024-11-08,0.0012280330274254008,0.0009524321224860799
2024-11-11,-0.006591004722305491,-0.0031110666877385285
2024-11-12,-0.003653121230676423,0.00048554639737208305
2024-11-13,-0.010418390664555232,-0.0064508649885439695
2024-11-14,-0.009064897981722699,-0.012891378731031189
2024-11-15,0.010666987655359958,0.004089038602606898
2024-11-18,0.019977001919521925,0.003648809581418
2024-11-19,0.007925627492165847,0.00033866486397293727
2024-11-20,0.011061332259887655,0.005353995053081206
2024-11-21,0.00982852031910298,0.0030948104274628463
2024-11-22,-0.00616500700628688,0.003386260257483009
2024-11-25,0.013607754196725597,0.005207796539103526
2024-11-26,-0.0033554483430832827,-0.0030346884096896787
2024-11-27,0.010446734348277996,0.0061930418880988825
2024-11-29,-0.014817390012693738,0.0017907228880442716
2024-12-02,0.016163053410098112,0.0004636315493637966
2024-12-03,0.004463797712922316,0.006190311046931463
2024-12-04,-0.0019908532757290744,-0.0016469926928674994
2024-12-05,0.0011402331023105381,0.0018939000361717362
2024-12-06,-0.044011394069532625,-0.005162978334587898
2024-12-09,-0.018460197677534766,-0.0031139373280719695
2024-12-10,0.01960696654837413,0.0077009087481823
2024-12-11,-0.00679276832987444,-0.005165857728294476
2024-12-12,-0.0001649985036719752,-0.0001984317098111532
2024-12-13,0.007368787850088493,0.004260656772425264
2024-12-16,-0.015230018355476299,-0.004128605106322958
2024-12-17,-0.038275140991004764,-0.030256613807767785
2024-12-18,0.007254865745099898,-0.00030709368585757346
2024-12-19,0.02149469041072123,0.011939348902263447
2024-12-20,0.0004474751234663786,0.005970664561117722
2024-12-23,0.011274665707248405,0.011053674542312208
2024-12-24,0.0005775082196360949,6.648633455341724e-05
2024-12-26,-0.017837940079188798,-0.010582380600210328
2024-12-27,-0.010489411143376745,-0.011477092614340378
2024-12-30,-0.011952677493230597,-0.0036446637241498436
2024-12-31,0.016203951326582505,-0.0024601476798054023
2025-01-02,0.008890143599229954,0.012425987395675797
2025-01-03,0.006322768539969251,0.0057440858848325504
2025-01-06,-0.0045688729749441305,-0.011368420565008641
2025-01-07,0.0047148781826733335,0.0014598398118064182
2025-01-08,-0.015342594825872627,-0.015385175179109645
2025-01-10,-0.00497624623787106,0.0015492770451448479
2025-01-13,0.015581415948896126,0.0013750045248617226
2025-01-14,0.02256345679542717,0.018026569513328816
2025-01-15,0.01606343982951262,-0.001924953229275772
2025-01-16,0.012200209985630959,0.009989731352356479
2025-01-17,0.01975512350221005,0.009111738301148087
2025-01-21,0.025455118265498268,0.005605899397039593
2025-01-22,0.007187755115348293,0.005443217316000393
2025-01-23,0.00741243606398986,-0.002923636435108179
2025-01-24,-0.052237013961701495,-0.014246253240348672
2025-01-27,0.027606709000586302,0.008555508780118792
2025-01-28,0.00302606480250859,-0.004492839939861604
2025-01-29,0.01244234269969656,0.005352730808166228
2025-01-30,-0.004346882160954504,-0.005336226049740489
2025-01-31,0.0015524204420364627,-0.006752195097576852
2025-02-03,0.021438850606085313,0.0066857617864872765
2025-02-04,0.01128191438028242,0.004046431943153017
2025-02-05,0.011081693864837351,0.0034697055377472807
2025-02-06,-0.0007264816256223835,-0.009195766218253354
2025-02-07,-0.00014484101429576134,0.006768165160238482
2025-02-10,-0.012165882143131489,0.0007602521284137964
2025-02-11,-0.0008111578716452923,-0.0032265823363157864
2025-02-12,0.03118471219052893,0.010502159064984085
2025-02-13,0.023018773058577798,-4.9279997860196545e-05
2025-02-14,0.009288908823838246,0.002931596336185116
2025-02-18,-0.015184793924041678,0.002352049077253504
2025-02-19,-0.05120511539165299,-0.004168923150186465
2025-02-20,-0.055502507957773214,-0.01725207272834517
2025-02-21,-0.028425768236659855,-0.004560791483029014
2025-02-24,-0.01456292678544591,-0.004985590368680626
2025-02-25,0.004183035536957365,0.0005047746113122642
2025-02-26,-0.017690512704125517,-0.01609067284506427
2025-02-27,0.017497966942595315,0.01548507989697434
2025-02-28,-0.021445212752585586,-0.017675267084916513
2025-03-03,-0.021088051191048174,-0.01190748022174759
2025-03-04,0.009613742155333877,0.010690384507583417
2025-03-05,-0.04484868209180183,-0.017910489771301386
2025-03-06,0.006734409048686373,0.0055890207287232485
2025-03-07,-0.04841987867655061,-0.026996667272413788
2025-03-10,0.0032515202659561546,-0.008347635944196519
2025-03-11,0.0,0.005292458747557127
2025-03-12,0.0,-0.013419973103023786
2025-03-13,0.0,0.02044535327965047
2025-03-14,0.0,0.007681756404855022
2025-03-17,0.0,-0.010867323940460416
2025-03-18,0.0,0.010831967834690204
2025-03-19,0.0,-0.002895887979129874
2025-03-20,0.0,0.00032972780741680197
2025-03-21,0.0,0.017750021864761933
2025-03-24,0.0,0.0024010447896216647
2025-03-25,-0.01157487948697123,-0.012010170085436478
2025-03-26,-0.018685361369395644,-0.0026591597486991247
2025-03-27,-0.013840610955295415,-0.020343861653928208
2025-03-28,0.00703425848102337,0.006690259458893344
2025-03-31,0.010239555851766221,0.002820682478556158
2025-04-01,0.0,0.006308248357801638
2025-04-02,0.0,-0.050536419682427614
2025-04-03,0.0,-0.06032659580996569
2025-04-04,0.0,-0.0017827152983578287
2025-04-07,0.0,-0.015786710319124708
2025-04-08,0.0,0.0998628091253142
2025-04-09,0.0,-0.04480811874838242
2025-04-10,0.0,0.017685577889527515
2025-04-11,0.0,0.009654633614505137
2025-04-14,0.0,-0.0028048367962441034
2025-04-15,0.0,-0.022478845134469516
2025-04-16,0.0,0.001425818063028217
2025-04-17,0.0,-0.02409062887933633
2025-04-21,0.0,0.02568511651112715
2025-04-22,0.0,0.015376651323154356
2025-04-23,0.0,0.020830444939894832
2025-04-24,0.0,0.007199333805528951
2025-04-25,0.0,0.000381200097129053
2025-04-28,0.0,0.006279742980455971
2025-04-29,0.0,0.00039675133299255094
2025-04-30,0.0,0.0070618742371877374
2025-05-01,0.0,0.014735040614723083
2025-05-02,0.0,-0.005750719326023557
2025-05-05,0.0,-0.00839345235128608
2025-05-06,0.0,0.004196487986516395
2025-05-07,0.0,0.0069439292576412015
2025-05-08,0.0,-0.0012752529312649585
2025-05-09,0.0,0.03251321300287824
2025-05-12,0.0,0.006582256329714653
2025-05-13,-0.0006575408443215119,0.0012771611218642676
2025-05-14,0.013704057681534234,0.004872290889344377
2025-05-15,0.004654570263464242,0.006314173003548085
2025-05-16,0.0138071155360729,0.0010932218581514164
2025-05-19,0.004640266260943849,-0.003367818415601853
2025-05-20,-0.013523605140703745,-0.016994365011937518
2025-05-21,-0.0051465221970526925,0.0003946302102360022
2025-05-22,0.00016112761525209586,-0.006849147058424876
2025-05-23,0.003759322991448386,0.020577296518006882
2025-05-27,-0.0024469421990978577,-0.005802147596664753
2025-05-28,-0.003040424399094522,0.003939776465279543
2025-05-29,0.012223737218730362,-0.0011192368192380897
2025-05-30,0.006842482502078327,0.005617115721004318
2025-06-02,0.007669569350709794,0.005686463073757864
2025-06-03,-0.0004287109365748061,-0.0002686523208081937
2025-06-04,-0.0003484696436943476,-0.0048443674262506065
2025-06-05,0.009944122703742796,0.010216558319084967
2025-06-06,-0.007589049901581244,0.0009008229136489021
2025-06-09,-0.00288027328316819,0.005653808661982396
2025-06-10,0.0157448329282533,-0.002856152274401502
2025-06-11,-0.0034410817320376973,0.003966501327813177
2025-06-12,-0.009422168119662611,-0.011243128922878931
2025-06-13,0.012714107186322607,0.009469264508428665
2025-06-16,-0.006429885580022641,-0.008581683541303953
2025-06-17,0.0019518761471736107,-0.0001508280160509301
2025-06-18,0.0008262658150218153,-0.002351339842489253
2025-06-20,0.010783315677883806,0.009829022247643593
2025-06-23,0.01723840454380153,0.010986611589663298
2025-06-24,-0.013419454416215823,0.0005601258187581948
2025-06-25,0.01238276640478184,0.007793464081053081
2025-06-26,0.006494763067665483,0.00495592054964078
2025-06-27,0.02114057745893302,0.004769886151342995
2025-06-30,-0.03732984375795756,-0.00032356674525679807
2025-07-01,0.005719577189622817,0.004522921365540888
2025-07-02,0.011958267991682286,0.007850504238326117
2025-07-03,0.004801710301673114,-0.007479876580079647
2025-07-07,-0.012425913775757776,-0.0005479848368201701
2025-07-08,0.013152992706474452,0.005978847174266555
2025-07-09,-0.011876829392372713,0.0028163874172282277
2025-07-10,-0.009948622595526618,-0.0035217006609311596
2025-07-11,0.023416793644680897,0.0019063658432800779
2025-07-14,-0.0056551794120906565,-0.0042823684543158436
2025-07-15,0.003783303901403513,0.0033375982096872647
2025-07-16,0.007049189782274305,0.0061009889381349325
2025-07-17,0.014681316753713793,-0.0007325045573347566
2025-07-18,-0.008976060460836858,0.001894249748887411
2025-07-21,-0.013520176933678036,0.000143087055369584
2025-07-22,0.02262898930817267,0.008471395246498759
2025-07-23,-0.0008679195690283405,0.00033116948173095295
2025-07-24,0.016598438306071522,0.004215440684552263
2025-07-25,0.0030033581402328898,-0.00025119741521706374
2025-07-28,-0.010903524265930527,-0.002641049560585529
2025-07-29,0.0219817107584634,-0.0012601632939270857
2025-07-30,0.012932383583215017,-0.003758119781633873
2025-07-31,-0.01680054826026335,-0.016526324169925388
2025-08-01,0.02148329977412075,0.015085405109180883
2025-08-04,0.006742228287425879,-0.005082920296747062
2025-08-05,-0.003469965566246489,0.007630669984759919
2025-08-06,0.021552397552189278,-0.0008379873633206358
2025-08-07,-0.004479518414637636,0.007767213410993179
2025-08-08,-0.0019864743967966253,-0.0019794591832811292
2025-08-11,0.011288075695464974,0.010589712348545888
2025-08-12,-0.01942823539195273,0.003417478518206174
2025-08-13,-0.011233197113113597,9.291355233198573e-05
2025-08-14,0.005571745057774662,-0.0023440387238755633
2025-08-15,0.006592111652495656,-0.0002175444212131339
2025-08-18,-0.03804800713516733,-0.005439966259086049
2025-08-19,-0.0006705965318793195,-0.0026606171097007802
2025-08-20,0.017296781206318633,-0.004019878702386848
2025-08-21,0.012759825858879123,0.015240110357538583
2025-08-22,-0.0023741103621231154,-0.004410733032417902
2025-08-25,0.006505969249126798,0.0041782277951014635
2025-08-26,-0.01154380271450413,0.0022758610152147085
2025-08-27,0.016680303164587795,0.0035351638446954325
2025-08-28,-0.023768825214442936,-0.005981492907034536
2025-08-29,-0.004468285820698513,-0.007437940668458154
2025-09-02,0.0022834374418776804,0.005405009131919769
2025-09-03,0.01927411354392084,0.008322686906872434
2025-09-04,-0.014516342718690161,-0.0029003959151907566
2025-09-05,0.028589476883585173,0.002453469935904451
2025-09-08,0.01000784485765099,0.0023092163266360544
2025-09-09,0.024234945208612607,0.0028867295722738717
2025-09-10,0.0025604274285447436,0.008275761656661551
2025-09-11,-0.006547902541144903,-0.00033449870088286815
2025-09-12,0.011824701893821957,0.005309653366226463
2025-09-15,-0.005030779452765115,-0.0013777402281602846
2025-09-16,-0.005295068794145393,-0.0012432295513900016
2025-09-17,0.0214862395291941,0.004661617295406373
2025-09-18,0.01873220622134402,0.004940643347549845
2025-09-19,0.0039706617240783835,0.004719893112429041
2025-09-22,-0.0038310470778003007,-0.00545843311499894
2025-09-23,-0.00714240369037612,-0.0031867367823492643
2025-09-24,-0.01511354386550868,-0.004624049362275784
2025-09-25,0.0005335461717987434,0.005712685577890397
2025-09-26,0.018616692368015816,0.0028065048617200716
2025-09-29,0.010998003105783806,0.0037597579990684693
2025-09-30,0.01818351954063328,0.0034016875409035308
2025-10-01,0.0011610721961998922,0.0011511619554411823
2025-10-02,-0.018611315906646005,-1.4805515983873363e-05
2025-10-03,-0.01577799117871026,0.0035798566266853626
2025-10-06,-0.0010500294090907275,-0.0037144037537206742
2025-10-07,0.024517400092180668,0.005945346619066427
2025-10-08,-0.004331026471403551,-0.0029011790781119373
2025-10-09,-0.04697263766887311,-0.027399832538963054
2025-10-10,0.037674408801188775,0.015227587680656463
2025-10-13,-0.013474217627927316,-0.0012223931057615545
2025-10-14,0.01049410781021529,0.0044297042667862385
2025-10-15,0.008354699701651256,-0.00683342934937059
2025-10-16,-0.009187461167479087,0.005660156214500667
2025-10-17,-0.009773028965003698,0.010346787167761384
2025-10-20,-4.72105061742438e-05,-1.4942990429034353e-05
2025-10-21,-0.017027169434573795,-0.005212477453439668
2025-10-22,0.035030351317211814,0.005912449677416554
2025-10-23,0.042301377967409785,0.008139340211437585
2025-10-24,0.008567199568498652,0.011728614603401688
2025-10-27,-0.005360375360602279,0.002652405470410457
2025-10-28,0.028742403286739125,0.0004803448689063572
2025-10-29,-0.017928913468490276,-0.011059023816543778
2025-10-30,0.0301500821307483,0.003274763371308609
2025-10-31,0.008126058157847001,0.0018749809994726974
2025-11-03,-0.03359144217047906,-0.01192436080247461
2025-11-04,0.03257550666540866,0.0034593945896936873
2025-11-05,-0.02315622385011324,-0.010787338554331782
2025-11-06,0.003212940557072687,0.0009840807123628892
2025-11-07,0.037291120345532294,0.015483874055295388
2025-11-10,-0.014432507574840258,0.0022865608539506255
2025-11-11,-0.00821603610414915,0.0005562356386343836
2025-11-12,-0.05127548562086397,-0.01673312752277223
2025-11-13,0.00485183416138181,-0.00016374620583636812
2025-11-14,0.0030076064430782775,-0.009360200151482978
2025-11-17,-0.005679302900709681,-0.008433012224853265
2025-11-18,0.011600033353299514,0.0038558269714430438
2025-11-19,-0.06649294039499917,-0.015359584109870816
2025-11-20,0.01628415361691852,0.009911853052476438
2025-11-21,0.059794729763262486,0.014611339452438976
2025-11-24,0.009553386799718493,0.00936187659870491
2025-11-25,0.022180247692694825,0.006879861801814435
2025-11-26,0.01408415477018848,0.005443590966696554
2025-11-28,-0.014643160670452017,-0.004576014355163416
2025-12-01,-0.005486575304411281,0.001850653987098383
2025-12-02,-0.008834489353420748,0.003456767569100627
2025-12-03,0.019874433122958994,0.000730872635502422
2025-12-04,0.01945583926284704,0.0018975931835090165
2025-12-05,0.016169414587232395,-0.0030087308003299285
2025-12-08,0.006796134045232566,-0.0008634006967058738
2025-12-09,0.03655927961974617,0.006610248643996286
2025-12-10,0.009712662751595613,0.0023243321821349028
2025-12-11,-0.034364584462188326,-0.010810295878422416
2025-12-12,-0.0030220918517733825,-0.0015120412398346161
2025-12-15,-0.005464058799398323,-0.0027360246494350093
2025-12-16,-0.012845920643918821,-0.011064581322954403
2025-12-17,0.022897829604928303,0.00752289464579281
2025-12-18,0.028992794744507,0.009022679156543312
2025-12-19,0.013052163674124921,0.006210478841573774
2025-12-22,0.0029011679196447723,0.004560079363435499
2025-12-23,0.004176546535450423,0.003511501850766763
2025-12-24,-0.00022901516572301306,-0.00010141480775960332
2025-12-26,-0.006672684932546369,-0.0035700184467799545
2025-12-29,-0.004269931280781983,-0.0012219599023577388
2025-12-30,-0.0095415240736569,-0.007436434837780226
2025-12-31,0.02050743578088922,0.001831315220198526
2026-01-02,-0.004100180068009223,0.006638125918192017
2026-01-05,0.04115194568270968,0.00592954375659982
2026-01-06,-0.015076002718868728,-0.003228618665792382
2026-01-07,-0.027557473095142886,-0.00010153246851984932
2026-01-08,0.014054936081618591,0.0065916105199921304
2026-01-09,0.011594750458879984,0.001569201160272371
2026-01-12,0.013565862228062196,-0.0020015084477309486
2026-01-13,-0.006901703110412134,-0.004927372488886306
2026-01-14,0.006278302072141933,0.0027195960519170725
2026-01-15,-0.0026444619992189084,-0.0008382564279321159
2026-01-16,-0.0034849910202543596,-0.020566855255717442
2026-01-20,0.016149798566672702,0.011475018699616868
2026-01-21,-0.0009313398190913065,0.005209663778085627
2026-01-22,-0.007560366635533278,0.00036266941646978523
2026-01-23,0.003146332282496575,0.005065381030592064
2026-01-26,0.03463404683011101,0.003976249609777938
2026-01-27,0.03286002264871979,-0.00010066964734356532
2026-01-28,-0.0019449064503166546,-0.0019863486397246888
2026-01-29,-0.015573957311810178,-0.0029869405743987443
2026-01-30,0.031703508883685685,0.004958907008600022
2026-02-02,0.004429098843623651,-0.008491335464932526
2026-02-03,-0.03655305867103706,-0.0048556232072645145
2026-02-04,0.012872129207468476,-0.012567930681256279
2026-02-05,0.030992361301299454,0.01900307879815699
2026-02-06,0.006916741299804883,0.004810139424555437
2026-02-09,-0.015688804467612262,-0.00264054093242283
2026-02-10,0.02130408115558488,-0.0002311488565025499
2026-02-11,-0.02941951525259303,-0.01556943679538314
2026-02-12,0.013147261692522094,0.000704251060116512
2026-02-13,0.009264330036780611,0.001612182753775393
2026-02-17,0.01307290123433519,0.005025060758005573
2026-02-18,-0.00236939031131337,-0.002640828242967963
2026-02-19,0.017909319703151964,0.007205824861526544
2026-02-20,-0.009913968493881214,-0.010263859697353439
2026-02-23,0.005661778580298533,0.007242187209707929
2026-02-24,0.014384165190625646,0.008402902818122726
2026-02-25,-0.006720324014438298,-0.005569928872744434
2026-02-26,0.0007311199617609799,-0.004813507218789148
2026-02-27,0.002993121182011467,0.0005683614380815882
2026-03-02,-0.03925532236076383,-0.008853326204464551
2026-03-03,0.007960010900883585,0.007030583385742695
2026-03-04,-0.04012548472463859,-0.0055912725643292305
2026-03-05,-0.04586076898254356,-0.013193786382772466
2026-03-06,0.05094998619379719,0.008721815668319088
2026-03-09,0.011055610342011687,-0.0016083082110629476
2026-03-10,0.003017365301081396,-0.0012559228897517372
2026-03-11,-0.01587001698550704,-0.015301438459733419
2026-03-12,0.00578575768382244,-0.005676215023587616
2026-03-13,0.01773968332276318,0.010125429394262753
2026-03-16,0.01651119575055654,0.002627091163271089
2026-03-17,0.001111332368831047,-0.014051911808399709
2026-03-18,0.024333368886002998,-0.0024674226283858403
2026-03-19,-0.04175243240461754,-0.014439445095386638
2026-03-20,0.007612763205677805,0.010445249178189897
2026-03-23,0.0256429775537921,-0.0033624612191456293
2026-03-24,0.0,0.005557218263224861
2026-03-25,0.0,-0.01802012148702481
2026-03-26,0.0,-0.017198951843375276
2026-03-27,0.0,-0.0033489923071652328
2026-03-30,0.0,0.028653407820693033
2026-03-31,0.0,0.007506248903133894
2026-04-01,0.0,0.0009000543608630451
2026-04-02,0.0,0.00471570863127635
2026-04-06,0.0,0.0004399037927642624
2026-04-07,0.0,0.025150689620179634
2026-04-08,0.0,0.005752440641581202
2026-04-09,0.0,-0.0006619944965713387
2026-04-10,0.0,0.009725005713406176
2026-04-13,0.0,0.012111239170364385
2026-04-14,-0.01477893544682504,0.007859998349512232
2026-04-15,0.01743528380945415,0.0024543333053879124
2026-04-16,0.017236979815362964,0.012013237341879979
2026-04-17,-0.0019355092988003635,-0.002001737254896163
2026-04-20,-0.0027841993967984762,-0.0065684177504437
2026-04-21,0.014309610206620256,0.010075780503951748
2026-04-22,0.0031050323192544967,-0.0038882904816341934
2026-04-23,0.005719172972400784,0.007719437564376541
2026-04-24,-0.00026339569537768906,0.0017213055408076272
2026-04-27,-0.02568613836639299,-0.0048778697536606686
2026-04-28,0.01645945587317315,-0.00015452126278159284
2026-04-29,0.03509940353723459,0.009900461815237627
2026-04-30,0.013082766880630677,0.002765268411019761
2026-05-01,0.003948394612885637,-0.0036701188010397345
2026-05-04,0.017848924573384817,0.007990221711526857
2026-05-05,0.016971102196848623,0.013803688898870625
2026-05-06,-0.03236837205600036,-0.0030707924798578645
2026-05-07,0.03155033479255069,0.00822220187546474
2026-05-08,0.0254411566684613,0.0022749733270961414
2026-05-11,-0.017998989863769035,-0.0015161013155964298
2026-05-12,0.012605852411890968,0.005579244842588871
2026-05-13,-0.009257393053606355,0.007863317827569993
2026-05-14,-0.03282996036960646,-0.012102281834028616
2026-05-15,-0.043111031859728075,-0.0007037568965344576
2026-05-18,0.0028272804937701946,-0.0066830701355833355
2026-05-19,0.01083077066650939,0.010196829759482995
2026-05-20,0.03901199344842428,0.0019811239783802392
2026-05-21,0.00034370182002251503,0.003923840734942452
2026-05-22,0.02523143071628653,0.006616702614766545
2026-05-26,-0.0016833927700483386,-0.0001732571729027299
2026-05-27,-0.012463518678876514,0.005501418012009651
2026-05-28,0.006878350211477714,0.0024883063996865573
2026-05-29,0.010365835561930506,0.0027194125046703377
2026-06-01,0.06756991907100962,0.0013570186308609067
2026-06-02,0.010001814281410542,-0.007041918531283109
2026-06-03,-0.02808341259244039,0.003771564462891952
2026-06-04,-0.09902287986474495,-0.026148277086186944
2026-06-05,0.03284004749147035,0.002261613232488635
2026-06-08,-0.04067720777791306,-0.0029397674358477843
2026-06-09,-0.01667925158801326,-0.01589116082307207
2026-06-10,0.046707054797008415,0.016854017638559426
2026-06-11,0.019226017662058906,0.005393675844766577
2026-06-12,0.038888884562501475,0.017480295410686075
2026-06-15,-0.028319700302654974,-0.005979403902404812
2026-06-16,-0.002151802271142417,-0.012566499634242057
2026-06-17,0.01983853051380784,0.010343315448327672
2026-06-18,0.027463718373638993,-0.0031519418478263006
2026-06-22,-0.04906924503351641,-0.014628429664887754
2026-06-23,-0.011350594671997762,-0.00046362452088377637
2026-06-24,0.03342847912754976,0.001444591300819198
2026-06-25,-0.06058371922280254,-0.0072576467361811225
2026-06-26,0.03324377189145905,0.01634062419874116
2026-06-29,0.01802084115427852,0.007756640320928376
2026-06-30,-0.04933248451157171,-0.0013534198977209755
2026-07-01,-0.07375474445297957,-0.0013149336271025547
2026-07-02,0.01917280955305114,0.008689545400113019
2026-07-06,-0.039220246636465825,-0.004763225841267982
2026-07-07,0.011095243421677455,-0.003094211852911144
2026-07-08,0.036064838793527634,0.008429620706500884
2026-07-09,0.00037835950873779927,0.004300897555176597
2026-07-10,-0.0303827467461388,-0.007685633815530224
2026-07-13,0.02118391454260405,0.0035443530504952747
2026-07-14,-0.03339462851945683,0.003955801420062244
2026-07-15,-0.01649282923400589,-0.005433351714811074
2026-07-16,-0.004099688025972574,-0.009946458438716554
2026-07-17,-0.006634217277927335,-0.001615682759917192
2026-07-20,-0.006634217277927335,
